"num","treatment","temp","bug.id","tp.5","age.5","mass.5","tp.wander","mass.wander","age.wander","age.T8","instar.T8","mass.T8","age.T9","instar.T9","mass.T9","age.T10","instar.T10","mass.T10","age.T11","instar.T11","mass.T11","age.T12","instar.T12","mass.T12","age.T13","instar.T13","mass.T13","age.T14","instar.T14","mass.T14","age.T15","instar.T15","mass.T15","age.T16","instar.T16","mass.T16","age.T17","instar.T17","mass.T17","age.T18","instar.T18","mass.T18","age.T19","instar.T19","mass.T19","age.T20","instar.T20","mass.T20","age.T21","instar.T21","mass.T21","age.T22","instar.T22","mass.T22","age.T23","instar.T23","mass.T23","age.T24","instar.T24","mass.T24","age.T25","instar.T25","mass.T25","age.T26","instar.T26","mass.T26","age.T27","instar.T27","mass.T27","age.T28","instar.T28","mass.T28","age.T29","instar.T29","mass.T29","age.T30","instar.T30","mass.T30","age.T31","instar.T31","mass.T31","age.T32","instar.T32","mass.T32","age.T33","instar.T33","mass.T33","age.T34","instar.T34","mass.T34","age.T35","instar.T35","mass.T35","age.T36","instar.T36","mass.T36","mass.gain.T8","mass.gain.T9","mass.gain.T10","mass.gain.T11","mass.gain.T12","mass.gain.T13","mass.gain.T14","mass.gain.T15","mass.gain.T16","mass.gain.T17","mass.gain.T18","mass.gain.T19","mass.gain.T20","mass.gain.T21","mass.gain.T22","mass.gain.T23","mass.gain.T24","mass.gain.T25","mass.gain.T26","mass.gain.T27","mass.gain.T28","mass.gain.T29","mass.gain.T30","mass.gain.T31","mass.gain.T32","mass.gain.T33","mass.gain.T34","mass.gain.T35","mass.gain.T36","mass.gain.4","mass.gain.5","mass.gain.wan"
1,"control",30,"30_c_1","T11",125.8833333,1203.59,"T15",8685.32,215.55,95.81666667,4,978.2,102.05,4,1250.82,119.7666667,4,1186.04,125.8833333,5,1203.59,143.6666667,5,2349.05,167.8,5,5262.23,191.7666667,"5",8881.74,215.55,"w",8685.32,NA,NA,NA,NA,NA,NA,NA,NA,NA,NA,NA,NA,NA,NA,NA,NA,NA,NA,NA,NA,NA,NA,NA,NA,NA,NA,NA,NA,NA,NA,NA,NA,NA,NA,NA,NA,NA,NA,NA,NA,NA,NA,NA,NA,NA,NA,NA,NA,NA,NA,NA,NA,NA,NA,NA,NA,NA,NA,NA,NA,NA,NA,NA,890.85,1163.47,1098.69,1116.24,2261.7,5174.88,8794.39,8597.97,NA,NA,NA,NA,NA,NA,NA,NA,NA,NA,NA,NA,NA,NA,NA,NA,NA,NA,NA,NA,NA,196.23,1116.24,8597.97
110,"control",20,"20_c_1","T20",337.8833333,1557.23,"T32",11670.52,628.3166667,96.03333333,3,209.88,101.6833333,3,228.66,119.75,3,218.45,125.1333333,3,217.68,143.8333333,4,207.22,169.6,4,331.61,191.65,"4",523.68,214.6333333,"4",853.49,238.85,"4",1204.66,262.9,"4",1389.91,285.7833333,"4",1475.77,312.3166667,"4",1466.23,337.8833333,"5",1557.23,362.1666667,"5",1603.96,384.3833333,"5",1590.54,408.2333333,"5",1850.48,432.1166667,5,2093.32,458.0833333,5,3528.64,483.6833333,"5",4955.32,507.9166667,"5",6600.76,531.5833333,"5",NA,544.7,"5",9933.87,580,"5",11447.41,602.2,"5",12807.18,628.3166667,"w",11670.52,NA,NA,NA,NA,NA,NA,NA,NA,NA,NA,NA,NA,180.59,199.37,189.16,188.39,177.93,302.32,494.39,824.2,1175.37,1360.62,1446.48,1436.94,1527.94,1574.67,1561.25,1821.19,2064.03,3499.35,4926.03,6571.47,NA,9904.58,11418.12,12777.89,11641.23,NA,NA,NA,NA,177.93,1527.94,11641.23
111,"control",20,"20_c_2","T21",361.7833333,1192.7,"T30",9456.31,580.0333333,95.66666667,3,193.97,101.5166667,3,199.1,119.6166667,3,194.37,125.1666667,3,194.04,143.7166667,4,190.07,169.65,4,328.91,191.5666667,"4",554.63,214.6833333,"4",571.62,238.7333333,"4",643.43,262.9333333,"4",925.48,285.7,"4",1017.84,312.3166667,"4",1040.3,337.8166667,"4",1031.37,361.7833333,"5",1192.7,384.2666667,"5",1582.45,408.3166667,"5",2078.39,432.0166667,5,3244.44,458.0833333,5,4150.3,483.6,"5",5815.34,507.9333333,"5",7697.53,532.4666667,"5",9362.61,544.5666667,"5",10222.45,580.0333333,"w",9456.31,NA,NA,NA,NA,NA,NA,NA,NA,NA,NA,NA,NA,NA,NA,NA,NA,NA,NA,161.39,166.52,161.79,161.46,157.49,296.33,522.05,539.04,610.85,892.9,985.26,1007.72,998.79,1160.12,1549.87,2045.81,3211.86,4117.72,5782.76,7664.95,9330.03,10189.87,9423.73,NA,NA,NA,NA,NA,NA,157.49,1160.12,9423.73
113,"control",20,"20_c_4","T22",384.1166667,1131.08,"T36",6509.29,723.3666667,95.98333333,3,155.05,101.5666667,3,172.1,119.7166667,3,177.62,125.0166667,3,176.96,143.8333333,3,175.36,169.8,4,263.47,191.7166667,"4",250.73,214.8333333,"4",327.45,238.7333333,"4",547.4,262.55,"4",814.65,285.6166667,"4",929.61,311.9333333,"4",1147.68,337.7166667,"4",1163.54,361.9166667,"4",1157.39,384.1166667,"5",1131.08,408.45,"5",1736.69,432.1,5,1674.64,457.8666667,5,1773.93,483.7333333,"5",1810.57,507.9333333,"5",2096.76,532.3333333,"5",2653.08,544.4833333,"5",3315.6,579.95,"5",4013.51,602.0666667,"5",4765.52,628.1166667,"5",6327.28,653.5666667,"5",6019.32,676.7,5,6666.03,699.6,5,7140.09,723.3666667,"w",6509.29,112.9,129.95,135.47,134.81,133.21,221.32,208.58,285.3,505.25,772.5,887.46,1105.53,1121.39,1115.24,1088.93,1694.54,1632.49,1731.78,1768.42,2054.61,2610.93,3273.45,3971.36,4723.37,6285.13,5977.17,6623.88,7097.94,6467.14,221.32,1088.93,6467.14
114,"control",20,"20_c_5","T26",483.4166667,912.26,"T36",9131.97,723.35,95.68333333,3,185.11,101.4166667,3,201.23,119.6,3,198.18,125.0666667,3,197.06,143.7,4,186.45,169.55,4,236.09,191.45,"4",236.29,214.6833333,"4",298.65,238.8333333,"4",290.62,262.4333333,"4",484.67,285.5166667,"4",468.51,312.0333333,"4",668.95,338.15,"4",714.34,361.75,"4",709.28,384.15,"4",773.66,408.3333333,"4",892.55,431.9,4,874.69,457.7833333,4,870.95,483.4166667,"5",912.26,507.6666667,"5",1208.23,531.7833333,"5",1780.78,544.4166667,"5",2203.89,579.8,"5",3010.68,602,"5",3991.33,628.15,"5",5593.48,653.5166667,"5",7010.46,676.6666667,5,8473.31,699.6166667,5,9678.72,723.35,"w",9131.97,134.73,150.85,147.8,146.68,136.07,185.71,185.91,248.27,240.24,434.29,418.13,618.57,663.96,658.9,723.28,842.17,824.31,820.57,861.88,1157.85,1730.4,2153.51,2960.3,3940.95,5543.1,6960.08,8422.93,9628.34,9081.59,136.07,861.88,9081.59
115,"control",20,"20_c_6","T19",312.1333333,1376.76,"T26",11062.49,483.7166667,95.76666667,3,213.27,101.6666667,3,212.65,119.3666667,3,211.48,125.1666667,3,210.94,143.8666667,4,226.02,169.65,4,401.89,191.5666667,"4",618.25,214.5666667,"4",859.24,238.7666667,"4",1214.13,262.7,"4",1203.48,285.7,"4",1195.17,312.1333333,"5",1376.76,337.7833333,"5",2335.28,361.95,"5",3818.25,384.3,"5",5464.01,408.8833333,"5",7113.23,431.7833333,5,9571.23,457.85,5,11711.34,483.7166667,"w",11062.49,NA,NA,NA,NA,NA,NA,NA,NA,NA,NA,NA,NA,NA,NA,NA,NA,NA,NA,NA,NA,NA,NA,NA,NA,NA,NA,NA,NA,NA,NA,163.56,162.94,161.77,161.23,176.31,352.18,568.54,809.53,1164.42,1153.77,1145.46,1327.05,2285.57,3768.54,5414.3,7063.52,9521.52,11661.63,11012.78,NA,NA,NA,NA,NA,NA,NA,NA,NA,NA,176.31,1327.05,11012.78
116,"control",20,"20_c_7","T20",338,1119.52,"T28",10150.17,531.6333333,95.66666667,3,222.22,101.2833333,3,226.53,119.25,3,222.46,125.1166667,3,222.25,143.6833333,4,222.05,169.7166667,4,374.6,191.3333333,"4",624.71,214.6166667,"4",668.1,238.6833333,"4",993.42,262.4,"4",1064.55,285.35,"4",1080.84,311.9666667,"4",1070.63,338,"5",1119.52,361.7,"5",1704.98,384.6166667,"5",2671.8,408.45,"5",4151.67,431.95,5,4369.53,457.9666667,5,6582.84,483.3666667,"5",8757.83,507.6,"5",10482.46,531.6333333,"w",10150.17,NA,NA,NA,NA,NA,NA,NA,NA,NA,NA,NA,NA,NA,NA,NA,NA,NA,NA,NA,NA,NA,NA,NA,NA,176.09,180.4,176.33,176.12,175.92,328.47,578.58,621.97,947.29,1018.42,1034.71,1024.5,1073.39,1658.85,2625.67,4105.54,4323.4,6536.71,8711.7,10436.33,10104.04,NA,NA,NA,NA,NA,NA,NA,NA,175.92,1073.39,10104.04
117,"control",20,"20_c_8","T19",311.9833333,1151.85,"T28",9403.1,531.5,95.88333333,3,184.91,101.3666667,3,184.85,119.6166667,4,173.75,124.8333333,4,183.92,143.7166667,4,256.27,169.6,4,450.64,191.6,"4",626.41,214.55,"4",924.66,238.4666667,"4",1138.9,262.5333333,"4",1157.01,285.6166667,"4",1151.43,311.9833333,"5",1151.85,337.7333333,"5",1538.17,361.7333333,"5",2034.01,384.5,"5",2433.17,408.5666667,"5",3897.04,431.8166667,5,3548.26,457.8,5,7163.68,483.5,"5",9755.35,507.8166667,"5",10087.94,531.5,"w",9403.1,NA,NA,NA,NA,NA,NA,NA,NA,NA,NA,NA,NA,NA,NA,NA,NA,NA,NA,NA,NA,NA,NA,NA,NA,138.54,138.48,127.38,137.55,209.9,404.27,580.04,878.29,1092.53,1110.64,1105.06,1105.48,1491.8,1987.64,2386.8,3850.67,3501.89,7117.31,9708.98,10041.57,9356.73,NA,NA,NA,NA,NA,NA,NA,NA,127.38,1105.48,9356.73
118,"control",20,"20_c_9","T23",408.3166667,1132,"T31",10778.83,601.9833333,95.68333333,3,217.99,101.5,3,208.64,119.2833333,3,206.99,125,3,206.3,143.7666667,4,196.69,169.4833333,4,349.78,191.4833333,"4",544.7,214.3166667,"4",828.15,238.4833333,"4",899.17,262.45,"4",908.97,285.4,"4",902.23,311.8166667,"4",944.85,337.5,"4",1111.3,361.7666667,"4",1078.91,384.3,"4",1072.68,408.3166667,"5",1132,431.65,5,1612.16,457.6333333,5,2584.28,483.35,"5",4046.92,507.6,"5",5547.76,531.6833333,"5",7231.19,556.3833333,"5",8955.78,579.6833333,"5",10609.81,601.9833333,"w",10778.83,NA,NA,NA,NA,NA,NA,NA,NA,NA,NA,NA,NA,NA,NA,NA,177.74,168.39,166.74,166.05,156.44,309.53,504.45,787.9,858.92,868.72,861.98,904.6,1071.05,1038.66,1032.43,1091.75,1571.91,2544.03,4006.67,5507.51,7190.94,8915.53,10569.56,10738.58,NA,NA,NA,NA,NA,156.44,1091.75,10738.58
119,"control",20,"20_c_10","T18",288.8166667,1435.69,"T23",9188.29,409,96.26666667,3,202.44,101.6833333,3,203.49,120.45,4,193.87,125.6333333,4,235.34,145.2,4,350.96,168.3333333,4,541.48,192.3166667,"4",930.02,215.4166667,"4",1337.58,239.7333333,"4",1288.68,262.1333333,"4",1282.32,288.8166667,"5",1435.69,314.65,"5",2217.73,338.6833333,"5",3509.81,360.8333333,"5",4589.32,384.5833333,"5",6522.93,409,"w",9188.29,NA,NA,NA,NA,NA,NA,NA,NA,NA,NA,NA,NA,NA,NA,NA,NA,NA,NA,NA,NA,NA,NA,NA,NA,NA,NA,NA,NA,NA,NA,NA,NA,NA,NA,NA,NA,NA,NA,NA,153.12,154.17,144.55,186.02,301.64,492.16,880.7,1288.26,1239.36,1233,1386.37,2168.41,3460.49,4540,6473.61,9138.97,NA,NA,NA,NA,NA,NA,NA,NA,NA,NA,NA,NA,NA,144.55,1386.37,9138.97
120,"control",20,"20_c_11","T21",360.8666667,1460.73,"T29",10394.43,556.6833333,96.65,3,157.21,101.9333333,3,167.27,120.8,3,188.63,126.0166667,3,190.46,145.25,3,186.21,169.05,4,189.45,191.95,"4",312.34,216.1666667,"4",481.04,239.7666667,"4",754.21,262.05,"4",977.04,288.8,"4",1436.87,314.7333333,"4",1367.51,338.4666667,"4",1359.31,360.8666667,"5",1460.73,384.4666667,"5",2044.46,408.4,"5",3065.65,435.2,5,4837.62,460.3,5,6475.46,484.8,"5",7454.05,508.9833333,"5",9281.66,533.35,"5",11066.32,556.6833333,"w",10394.43,NA,NA,NA,NA,NA,NA,NA,NA,NA,NA,NA,NA,NA,NA,NA,NA,NA,NA,NA,NA,NA,121.9,131.96,153.32,155.15,150.9,154.14,277.03,445.73,718.9,941.73,1401.56,1332.2,1324,1425.42,2009.15,3030.34,4802.31,6440.15,7418.74,9246.35,11031.01,10359.12,NA,NA,NA,NA,NA,NA,NA,154.14,1425.42,10359.12
121,"control",20,"20_c_12","T23",408.7333333,1256.82,"T36",8674.77,725.8166667,96.15,3,209.85,101.6833333,3,208.9,120.2833333,4,198.83,125.6333333,4,227.69,145.0333333,4,345.43,168.35,4,335.99,192.1166667,"4",543.89,215.9833333,"4",534.38,239.4166667,"4",530.39,262.4333333,"4",635.1,288.5,"4",877.46,315.1,"4",1220.32,338.8166667,"4",1225.82,360.4166667,"4",1198.96,384.8666667,"4",1898.2,408.7333333,"5",1256.82,435.2333333,5,2029.73,460.3666667,5,2976.84,484.7166667,"5",2907.61,509.1166667,"5",3391.48,533.1833333,"5",3584.49,556.4166667,"5",3665.65,578.6833333,"5",5126.94,604.5166667,"5",6387.14,629.8666667,"5",7506.62,652.9333333,"5",9404.96,675.8333333,5,9414.83,699.5833333,5,9583.87,725.8166667,"w",8674.77,155.16,154.21,144.14,173,290.74,281.3,489.2,479.69,475.7,580.41,822.77,1165.63,1171.13,1144.27,1843.51,1202.13,1975.04,2922.15,2852.92,3336.79,3529.8,3610.96,5072.25,6332.45,7451.93,9350.27,9360.14,9529.18,8620.08,144.14,1202.13,8620.08
122,"control",20,"20_c_13","T23",408.4,1361.94,"T32",11590.29,629.8833333,96.36666667,3,222.01,101.6666667,3,231.21,120.5333333,3,227.08,125.3833333,3,226.27,144.9333333,4,228.63,168.5833333,4,377.51,192.15,"4",529.74,215.6833333,"4",526.96,239.8666667,"4",522.76,262.4333333,"4",701,289.0166667,"4",689.68,314.7333333,"4",1144.83,338.5,"4",1460.67,360.6333333,"4",1414.13,384.5833333,"4",1405.61,408.4,"5",1361.94,435.35,5,2063.71,460.5,5,3123.23,484.6333333,"5",4477.21,508.8833333,"5",6334.07,533.0166667,"5",8039.76,556.55,"5",9741.52,578.5666667,"5",11331.42,604.4333333,"5",11709.71,629.8833333,"w",11590.29,NA,NA,NA,NA,NA,NA,NA,NA,NA,NA,NA,NA,178.82,188.02,183.89,183.08,185.44,334.32,486.55,483.77,479.57,657.81,646.49,1101.64,1417.48,1370.94,1362.42,1318.75,2020.52,3080.04,4434.02,6290.88,7996.57,9698.33,11288.23,11666.52,11547.1,NA,NA,NA,NA,185.44,1318.75,11547.1
123,"control",20,"20_c_14","T18",288.85,1434.95,"T26",10973.41,484.5166667,96.53333333,3,208.33,101.9166667,3,207.2,120.6833333,3,204.85,125.9833333,4,200.23,145.1166667,4,305.07,169,4,530.22,191.7666667,"4",908.14,216.1333333,"4",1447,239.0833333,"4",1511.61,262.5666667,"4",1496.87,288.85,"5",1434.95,314.8333333,"5",2066.68,338.8833333,"5",3349.83,360.2166667,"5",4439.93,384.9333333,"5",6325.28,408.7666667,"5",8450.59,435.75,5,9582.15,460.3,5,11463.44,484.5166667,"w",10973.41,NA,NA,NA,NA,NA,NA,NA,NA,NA,NA,NA,NA,NA,NA,NA,NA,NA,NA,NA,NA,NA,NA,NA,NA,NA,NA,NA,NA,NA,NA,167.31,166.18,163.83,159.21,264.05,489.2,867.12,1405.98,1470.59,1455.85,1393.93,2025.66,3308.81,4398.91,6284.26,8409.57,9541.13,11422.42,10932.39,NA,NA,NA,NA,NA,NA,NA,NA,NA,NA,159.21,1393.93,10932.39
124,"control",20,"20_c_15","T19",314.75,1312.4,"T26",10336.22,484.25,96.56666667,3,207.31,101.75,3,206.33,120.7333333,4,195.14,125.8666667,4,215.21,145.2166667,4,339.85,168.8833333,4,534.41,191.9166667,"4",928.11,215.9833333,"4",946.6,239.2833333,"4",1447.42,262.4833333,"4",1386.93,288.85,"4",1377.94,314.75,"5",1312.4,338.8166667,"5",1949.44,360.25,"5",2928.91,384.8666667,"5",4485.28,408.4,"5",6315.27,435.5,5,8747.34,460.0666667,5,10490.85,484.25,"w",10336.22,NA,NA,NA,NA,NA,NA,NA,NA,NA,NA,NA,NA,NA,NA,NA,NA,NA,NA,NA,NA,NA,NA,NA,NA,NA,NA,NA,NA,NA,NA,153.35,152.37,141.18,161.25,285.89,480.45,874.15,892.64,1393.46,1332.97,1323.98,1258.44,1895.48,2874.95,4431.32,6261.31,8693.38,10436.89,10282.26,NA,NA,NA,NA,NA,NA,NA,NA,NA,NA,141.18,1258.44,10282.26
125,"control",20,"20_c_16","T22",384.6,1125.66,"T31",9345.47,604.5,96.6,3,159.35,101.6833333,3,161.06,120.75,3,159.5,125.8333333,3,158.91,145.25,4,152.73,168.8,4,243.05,191.9333333,"4",434.62,215.2833333,"4",482.69,239.5,"4",627.25,262,"4",751.43,288.5666667,"4",925.05,314.85,"4",1134.21,338.9166667,"4",1090.75,360.4333333,"4",1083.31,384.6,"5",1125.66,408.5,"5",1662.26,435.2166667,5,2701.93,460.0166667,5,3929.19,484.7,"5",4693.08,508.9833333,"5",6856.33,533.0166667,"5",7118.96,556.4333333,"5",9571.03,578.4333333,"5",10470.67,604.5,"w",9345.47,NA,NA,NA,NA,NA,NA,NA,NA,NA,NA,NA,NA,NA,NA,NA,120.36,122.07,120.51,119.92,113.74,204.06,395.63,443.7,588.26,712.44,886.06,1095.22,1051.76,1044.32,1086.67,1623.27,2662.94,3890.2,4654.09,6817.34,7079.97,9532.04,10431.68,9306.48,NA,NA,NA,NA,NA,113.74,1086.67,9306.48
126,"control",20,"20_c_17","T22",384.75,1538.96,"T31",12622.76,604.4333333,96.36666667,3,245.13,101.4333333,3,239.79,120.5333333,3,236.91,125.6833333,3,236.25,145.3333333,4,228.65,168.3333333,4,364.98,191.8333333,"4",398.21,215.0166667,"4",611.32,238.8833333,"4",746.48,262.0333333,"4",810.13,289,"4",1097.59,314.3,"4",1618.66,338.7,"4",1595.53,360.2333333,"4",1589.06,384.75,"5",1538.96,408.5333333,"5",2303.35,435.6166667,5,3618.26,460.25,5,4982.78,484.3833333,"5",6956.55,508.7666667,"5",9218.31,532.7833333,"5",10910.25,556.3166667,"5",12486.69,578.4833333,"5",13485.11,604.4333333,"w",12622.76,NA,NA,NA,NA,NA,NA,NA,NA,NA,NA,NA,NA,NA,NA,NA,201.96,196.62,193.74,193.08,185.48,321.81,355.04,568.15,703.31,766.96,1054.42,1575.49,1552.36,1545.89,1495.79,2260.18,3575.09,4939.61,6913.38,9175.14,10867.08,12443.52,13441.94,12579.59,NA,NA,NA,NA,NA,185.48,1495.79,12579.59
127,"control",20,"20_c_18","T18",288.65,1350.44,"T27",11754.11,508.8,96.08333333,3,243.03,101.65,3,242.25,120.2333333,4,232.5,125.3333333,4,258.95,144.6333333,4,393.79,168.7,4,619.74,191.9,"4",1066.73,215.7166667,"4",1178.1,239.6833333,"4",1420.06,261.8166667,"4",1408.96,288.65,"5",1350.44,314.4666667,"5",1950.91,338.4833333,"5",2511.37,360.5333333,"5",3639.62,384.3833333,"5",5288.75,408.5333333,"5",7250.44,435.4666667,5,9169.76,459.9333333,5,11287.93,484.2166667,"5",12728.44,508.8,"w",11754.11,NA,NA,NA,NA,NA,NA,NA,NA,NA,NA,NA,NA,NA,NA,NA,NA,NA,NA,NA,NA,NA,NA,NA,NA,NA,NA,NA,187.33,186.55,176.8,203.25,338.09,564.04,1011.03,1122.4,1364.36,1353.26,1294.74,1895.21,2455.67,3583.92,5233.05,7194.74,9114.06,11232.23,12672.74,11698.41,NA,NA,NA,NA,NA,NA,NA,NA,NA,176.8,1294.74,11698.41
128,"control",20,"20_c_19","T18",288.4,1715.49,"T26",12798.75,484.35,96.05,3,228.02,101.55,3,226.94,120.2166667,4,214.77,125.2333333,4,232.19,144.6166667,4,359.59,168.5833333,4,584.95,191.8666667,"4",1009.25,215.25,"4",1591.99,239.3,"4",1632.96,262.0666667,"4",1624.34,288.4,"5",1715.49,314.4333333,"5",2636.82,338.15,"5",4032.1,360.65,"5",5847.31,384.1333333,"5",8186.49,408.5333333,"5",10175.58,435.6,5,11767.17,460.0666667,5,13531.66,484.35,"w",12798.75,NA,NA,NA,NA,NA,NA,NA,NA,NA,NA,NA,NA,NA,NA,NA,NA,NA,NA,NA,NA,NA,NA,NA,NA,NA,NA,NA,NA,NA,NA,180.78,179.7,167.53,184.95,312.35,537.71,962.01,1544.75,1585.72,1577.1,1668.25,2589.58,3984.86,5800.07,8139.25,10128.34,11719.93,13484.42,12751.51,NA,NA,NA,NA,NA,NA,NA,NA,NA,NA,167.53,1668.25,12751.51
129,"control",20,"20_c_20","T21",360.1833333,1959.95,"T29",13714.77,556.3666667,96.08333333,3,216.27,101.5,3,239.34,120.25,3,281.63,125.1833333,3,283.85,144.65,3,277.73,168.4666667,4,263.55,191.8666667,"4",401.77,215.4833333,"4",542.63,239.2,"4",812.1,262.1166667,"4",1339.94,288.3,"4",2016.25,314.7833333,"4",1952.55,338.5166667,"4",1940.24,360.1833333,"5",1959.95,384.5333333,"5",2797.48,408.2833333,"5",4274.82,435.2833333,5,6223.17,459.95,5,8708.12,484,"5",10955.72,508.5833333,"5",13295.01,532.7,"5",14554.01,556.3666667,"w",13714.77,NA,NA,NA,NA,NA,NA,NA,NA,NA,NA,NA,NA,NA,NA,NA,NA,NA,NA,NA,NA,NA,172.53,195.6,237.89,240.11,233.99,219.81,358.03,498.89,768.36,1296.2,1972.51,1908.81,1896.5,1916.21,2753.74,4231.08,6179.43,8664.38,10911.98,13251.27,14510.27,13671.03,NA,NA,NA,NA,NA,NA,NA,219.81,1916.21,13671.03
130,"control",20,"20_c_21","T23",408.0666667,893.19,"T33",9138.77,652.6666667,96.15,3,245.62,101.3,3,244.25,120.3333333,3,242.19,125.5666667,3,241.41,145.1333333,4,283.39,168.2166667,4,473.63,191.5666667,"4",761.51,214.95,"4",744.55,238.6666667,"4",815.1,261.9166667,"4",869.13,288.7833333,"4",891.24,314.2166667,"4",916.13,338.2666667,"4",935.08,360.3166667,"4",924.21,384.3333333,"4",919.02,408.0666667,"5",893.19,435.1333333,5,1278.44,460.1833333,5,1484.49,484.2833333,"5",2148.35,508.5166667,"5",3091.23,532.7666667,"5",4361.8,556,"5",5483.01,578.1333333,"5",6802.91,604.2333333,"5",8286.77,629.4833333,"5",9643.12,652.6666667,"w",9138.77,NA,NA,NA,NA,NA,NA,NA,NA,NA,195.53,194.16,192.1,191.32,233.3,423.54,711.42,694.46,765.01,819.04,841.15,866.04,884.99,874.12,868.93,843.1,1228.35,1434.4,2098.26,3041.14,4311.71,5432.92,6752.82,8236.68,9593.03,9088.68,NA,NA,NA,233.3,843.1,9088.68
131,"control",20,"20_c_22","T22",384.3166667,1362.24,"T30",12650.39,578.3833333,96.2,3,219.25,101.1833333,3,221.72,120.3666667,3,215.93,125.4666667,3,214.72,145.1833333,4,201.51,168.0833333,4,290.96,191.7,"4",474.22,215.2,"4",478.53,239.1666667,"4",479.99,261.9833333,"4",744.2,288.25,"4",1168.35,314.65,"4",1468.47,338.65,"4",1424.14,360.25,"4",1415.79,384.3166667,"5",1362.24,408.3,"5",2135.76,434.9333333,5,2983.15,459.85,5,4357.79,484.4,"5",5995.48,508.7166667,"5",7670.17,532.8666667,"5",9945.59,556,"5",11398.19,578.3833333,"w",12650.39,NA,NA,NA,NA,NA,NA,NA,NA,NA,NA,NA,NA,NA,NA,NA,NA,NA,NA,181.34,183.81,178.02,176.81,163.6,253.05,436.31,440.62,442.08,706.29,1130.44,1430.56,1386.23,1377.88,1324.33,2097.85,2945.24,4319.88,5957.57,7632.26,9907.68,11360.28,12612.48,NA,NA,NA,NA,NA,NA,163.6,1324.33,12612.48
132,"control",20,"20_c_23","T19",314.05,1328.04,"T28",11479.23,532.65,96.06666667,3,228.71,101.3166667,3,227.75,120.25,4,217.78,125.55,4,244.9,145.05,4,355.31,168.2166667,4,581.89,191.4666667,"4",863.8,214.9333333,"4",1068.54,238.55,"4",1126.29,261.9166667,"4",1164.29,288.7,"4",1156.17,314.05,"5",1328.04,337.9666667,"5",1567.83,360.5666667,"5",2529.48,383.9833333,"5",3681.63,408.1166667,"5",5366.91,435.3833333,5,5894.15,459.7,5,8498.53,484.0833333,"5",9903.57,508.4166667,"5",11508.89,532.65,"w",11479.23,NA,NA,NA,NA,NA,NA,NA,NA,NA,NA,NA,NA,NA,NA,NA,NA,NA,NA,NA,NA,NA,NA,NA,NA,169.86,168.9,158.93,186.05,296.46,523.04,804.95,1009.69,1067.44,1105.44,1097.32,1269.19,1508.98,2470.63,3622.78,5308.06,5835.3,8439.68,9844.72,11450.04,11420.38,NA,NA,NA,NA,NA,NA,NA,NA,158.93,1269.19,11420.38
133,"control",20,"20_c_24","T22",384.0833333,1515.86,"T31",11990.46,604.2333333,95.81666667,3,219.59,101.1333333,3,232.38,119.95,3,221.91,125.2,3,221.18,144.7,4,226.14,167.9166667,4,376.22,191.7833333,"4",655.63,214.7333333,"4",704.02,238.7,"4",698.74,261.75,"4",944.44,288.7833333,"4",959.65,315.05,"4",1300.85,338.1,"4",1325.55,360.4,"4",1317.27,384.0833333,"5",1515.86,408.0666667,"5",2069.37,435.0833333,5,3704.47,460.2,5,4871.68,484.3,"5",5895.58,508.6333333,"5",7686.64,532.8833333,"5",9822.28,556.1,"5",11360.72,578.1,"5",12460.64,604.2333333,"w",11990.46,NA,NA,NA,NA,NA,NA,NA,NA,NA,NA,NA,NA,NA,NA,NA,178.33,191.12,180.65,179.92,184.88,334.96,614.37,662.76,657.48,903.18,918.39,1259.59,1284.29,1276.01,1474.6,2028.11,3663.21,4830.42,5854.32,7645.38,9781.02,11319.46,12419.38,11949.2,NA,NA,NA,NA,NA,184.88,1474.6,11949.2
134,"control",20,"20_c_25","T18",288.5333333,1122.84,"T26",8888.36,484.2,95.66666667,3,213.57,101.3,3,212.34,119.8,4,201.06,125.2166667,4,224.39,144.55,4,351.83,167.9333333,4,564.83,191.5666667,"4",878.69,215.6,"4",1214.53,239.35,"4",1159.17,262.0666667,"4",1154.51,288.5333333,"5",1122.84,314.3666667,"5",1905.35,338.2666667,"5",2978.57,360.0666667,"5",4598.52,384.3166667,"5",6202.47,408.4333333,"5",7313.49,435.4666667,5,8541.83,459.8166667,5,9150.96,484.2,"w",8888.36,NA,NA,NA,NA,NA,NA,NA,NA,NA,NA,NA,NA,NA,NA,NA,NA,NA,NA,NA,NA,NA,NA,NA,NA,NA,NA,NA,NA,NA,NA,164.29,163.06,151.78,175.11,302.55,515.55,829.41,1165.25,1109.89,1105.23,1073.56,1856.07,2929.29,4549.24,6153.19,7264.21,8492.55,9101.68,8839.08,NA,NA,NA,NA,NA,NA,NA,NA,NA,NA,151.78,1073.56,8839.08
135,"control",20,"20_c_26","T20",337.0666667,1697.9,"T29",11516.72,554.4833333,96.7,3,227.2,101.7333333,3,226.27,119.0666667,4,223.58,124.5333333,4,255.14,144.8,4,419.08,166.8,4,398.22,191.7833333,"4",627.94,215.4,"4",879.7,238.2,"4",1232.26,265.1833333,"4",1563.82,291.1833333,"4",1525.86,314.8333333,"4",1516.8,337.0666667,"5",1697.9,361.0666667,"5",1650.98,384.6333333,"5",1999.37,411.9333333,"5",2501.06,436.4166667,5,3701.59,460.55,5,5400.82,485.05,"5",7259.55,509,"5",8933.86,532.45,"5",9454.72,554.4833333,"w",11516.72,NA,NA,NA,NA,NA,NA,NA,NA,NA,NA,NA,NA,NA,NA,NA,NA,NA,NA,NA,NA,NA,174.73,173.8,171.11,202.67,366.61,345.75,575.47,827.23,1179.79,1511.35,1473.39,1464.33,1645.43,1598.51,1946.9,2448.59,3649.12,5348.35,7207.08,8881.39,9402.25,11464.25,NA,NA,NA,NA,NA,NA,NA,171.11,1645.43,11464.25
136,"control",20,"20_c_27","T19",314.9666667,1493.33,"T27",10928.68,509.05,97,3,191.72,102.0833333,3,190.76,119.2166667,4,180.45,124.7166667,4,179.68,144.9666667,4,291.18,166.7,4,464.57,191.6833333,"4",795.71,215.4,"4",1036.36,238.2666667,"4",1296.73,265,"4",1336.86,291.2666667,"4",1327.01,314.9666667,"5",1493.33,336.8,"5",1987.05,361.1666667,"5",3212.47,384.3833333,"5",4773.05,411.9666667,"5",6681.29,436.7,5,8908.83,460.8333333,5,10597.48,484.9,"5",11922.01,509.05,"w",10928.68,NA,NA,NA,NA,NA,NA,NA,NA,NA,NA,NA,NA,NA,NA,NA,NA,NA,NA,NA,NA,NA,NA,NA,NA,NA,NA,NA,138.68,137.72,127.41,126.64,238.14,411.53,742.67,983.32,1243.69,1283.82,1273.97,1440.29,1934.01,3159.43,4720.01,6628.25,8855.79,10544.44,11868.97,10875.64,NA,NA,NA,NA,NA,NA,NA,NA,NA,127.41,1440.29,10875.64
137,"control",20,"20_c_28","T18",291.2,1564.51,"T26",11219.48,484.55,96.85,3,265.68,101.85,3,264.66,119.1,4,256.94,124.7,4,303.74,145.2333333,4,427.36,166.7666667,4,687.93,191.8,"4",1067.07,215.2333333,"4",1368.93,238.2,"4",1394.02,265,"4",1382.58,291.2,"5",1564.51,314.6166667,"5",2394.91,337.0833333,"5",3095.81,361.0166667,"5",5000.84,384.5,"5",6787.46,412.0333333,"5",7097.27,436.55,5,9508.55,460.45,5,11401.92,484.55,"w",11219.48,NA,NA,NA,NA,NA,NA,NA,NA,NA,NA,NA,NA,NA,NA,NA,NA,NA,NA,NA,NA,NA,NA,NA,NA,NA,NA,NA,NA,NA,NA,199.31,198.29,190.57,237.37,360.99,621.56,1000.7,1302.56,1327.65,1316.21,1498.14,2328.54,3029.44,4934.47,6721.09,7030.9,9442.18,11335.55,11153.11,NA,NA,NA,NA,NA,NA,NA,NA,NA,NA,190.57,1498.14,11153.11
138,"control",20,"20_c_29","T22",383.7333333,1035.87,"T29",9253.94,554.2,96.65,3,186.86,101.8833333,3,186.21,118.9833333,3,184.51,124.7166667,4,176.6,144.7166667,4,248.65,166.4333333,4,426.59,192.3,"4",512.37,214.75,"4",568.56,238.6666667,"4",611.09,265.1166667,"4",921.94,291.35,"4",991.02,315.0666667,"4",1066.62,336.6166667,"4",1053.77,360.7,"4",1043.42,383.7333333,"5",1035.87,411.7333333,"5",1821.42,436.3833333,5,2669.12,460.3333333,5,3664.22,484.5833333,"5",4964.18,509.0833333,"5",6256.47,532.1,"5",7972.51,554.2,"w",9253.94,NA,NA,NA,NA,NA,NA,NA,NA,NA,NA,NA,NA,NA,NA,NA,NA,NA,NA,NA,NA,NA,135.4,134.75,133.05,125.14,197.19,375.13,460.91,517.1,559.63,870.48,939.56,1015.16,1002.31,991.96,984.41,1769.96,2617.66,3612.76,4912.72,6205.01,7921.05,9202.48,NA,NA,NA,NA,NA,NA,NA,125.14,984.41,9202.48
139,"control",20,"20_c_30","T21",360.5833333,1359.8,"T28",11130.47,532.3666667,96.98333333,3,134.31,101.9166667,3,149.49,119.1833333,3,142.86,124.5333333,3,173.71,144.8166667,3,178.15,166.7666667,3,175.9,191.3166667,"4",257.48,215.1166667,"4",399.74,238.35,"4",644.47,264.85,"4",1062.93,290.65,"4",1406.58,314.9333333,"4",1409.86,336.65,"4",1404.69,360.5833333,"5",1359.8,384.2833333,"5",1935.74,411.6166667,"5",3287.74,436,5,4779.99,460.6166667,5,6558.76,484.6833333,"5",8409.28,508.7166667,"5",10045.39,532.3666667,"w",11130.47,NA,NA,NA,NA,NA,NA,NA,NA,NA,NA,NA,NA,NA,NA,NA,NA,NA,NA,NA,NA,NA,NA,NA,NA,73.24,88.42,81.79,112.64,117.08,114.83,196.41,338.67,583.4,1001.86,1345.51,1348.79,1343.62,1298.73,1874.67,3226.67,4718.92,6497.69,8348.21,9984.32,11069.4,NA,NA,NA,NA,NA,NA,NA,NA,196.41,1298.73,11069.4
14,"control",30,"30_c_7","T11",127.3,1347.71,"T16",9377.85,241.1333333,97.78333333,4,1353.04,103.7,4,1386.94,121.4166667,4,1365.54,127.3,5,1347.71,145.7833333,5,2210.96,169.8333333,5,4353.77,193.5,"5",7449.35,217.0166667,"5",10662.52,241.1333333,"w",9377.85,NA,NA,NA,NA,NA,NA,NA,NA,NA,NA,NA,NA,NA,NA,NA,NA,NA,NA,NA,NA,NA,NA,NA,NA,NA,NA,NA,NA,NA,NA,NA,NA,NA,NA,NA,NA,NA,NA,NA,NA,NA,NA,NA,NA,NA,NA,NA,NA,NA,NA,NA,NA,NA,NA,NA,NA,NA,NA,NA,NA,1302.99,1336.89,1315.49,1297.66,2160.91,4303.72,7399.3,10612.47,9327.8,NA,NA,NA,NA,NA,NA,NA,NA,NA,NA,NA,NA,NA,NA,NA,NA,NA,NA,NA,NA,174.06,1297.66,9327.8
140,"control",20,"20_c_31","T18",290.8166667,1247.57,"T27",10819.77,508.9,97,3,196.91,101.7333333,3,278.32,119.05,4,289.65,124.5833333,4,316.37,144.7166667,4,541.16,166.95,4,838.59,191.5166667,"4",1264.15,214.9833333,"4",1268.63,238.45,"4",1243.49,264.7,"4",1234.32,290.8166667,"5",1247.57,315.1833333,"5",1865.34,336.3666667,"5",2693.65,360.8166667,"5",3533.56,384.5,"5",5214.51,411.9,"5",6879.51,436.5166667,5,9449.34,460.2833333,5,10854.01,484.75,"5",11559.17,508.9,"w",10819.77,NA,NA,NA,NA,NA,NA,NA,NA,NA,NA,NA,NA,NA,NA,NA,NA,NA,NA,NA,NA,NA,NA,NA,NA,NA,NA,NA,127.06,208.47,219.8,246.52,471.31,768.74,1194.3,1198.78,1173.64,1164.47,1177.72,1795.49,2623.8,3463.71,5144.66,6809.66,9379.49,10784.16,11489.32,10749.92,NA,NA,NA,NA,NA,NA,NA,NA,NA,219.8,1177.72,10749.92
141,"control",20,"20_c_32","T21",360.8666667,1296.43,"T29",8738.38,554.15,96.45,3,176.62,101.5666667,3,171.55,118.8,3,164.79,124.3666667,3,163.44,144.5666667,3,160.53,166.7333333,4,149.82,191.9833333,"4",276.03,214.8666667,"4",434.21,238.2,"4",685.85,265.1333333,"4",1127.63,291.1833333,"4",1230.65,314.7333333,"4",1218.48,336.7666667,"4",1214.42,360.8666667,"5",1296.43,384.5833333,"5",1859,411.3,"5",2855.97,436.1,5,3808.56,460.45,5,4929.81,484.8,"5",5327.61,508.8333333,"5",5440.62,532.2166667,"5",7168.31,554.15,"w",8738.38,NA,NA,NA,NA,NA,NA,NA,NA,NA,NA,NA,NA,NA,NA,NA,NA,NA,NA,NA,NA,NA,125.08,120.01,113.25,111.9,108.99,98.28,224.49,382.67,634.31,1076.09,1179.11,1166.94,1162.88,1244.89,1807.46,2804.43,3757.02,4878.27,5276.07,5389.08,7116.77,8686.84,NA,NA,NA,NA,NA,NA,NA,98.28,1244.89,8686.84
142,"control",20,"20_c_33","T21",360.75,1275.96,"T28",10395.24,532.25,96.6,3,211.74,101.7333333,3,210.41,118.9,4,198.93,124.6,4,228.01,145.0333333,4,265.83,166.85,4,427.51,191.4166667,"4",418.15,214.95,"4",672.38,238.35,"4",713.72,264.6666667,"4",1102.38,290.7,"4",1381.36,314.75,"4",1617.35,336.8,"4",1330.39,360.75,"5",1275.96,384.5666667,"5",1990.71,411.2333333,"5",2900.06,436.1333333,5,4167.05,460.3666667,5,5114.57,484.8,"5",6921.92,509.1833333,"5",8443.93,532.25,"w",10395.24,NA,NA,NA,NA,NA,NA,NA,NA,NA,NA,NA,NA,NA,NA,NA,NA,NA,NA,NA,NA,NA,NA,NA,NA,149.37,148.04,136.56,165.64,203.46,365.14,355.78,610.01,651.35,1040.01,1318.99,1554.98,1268.02,1213.59,1928.34,2837.69,4104.68,5052.2,6859.55,8381.56,10332.87,NA,NA,NA,NA,NA,NA,NA,NA,136.56,1213.59,10332.87
143,"control",20,"20_c_34","T20",336.4166667,1530.05,"T28",10474.12,532.2666667,96.2,3,202.09,101.4,3,201.24,118.55,3,200.36,124.3666667,3,198.92,144.9,4,244.42,166.2166667,4,411.12,192.1166667,"4",580.96,214.6333333,"4",821.43,238.4833333,"4",1120.9,264.4666667,"4",1371.52,290.8666667,"4",1348.2,314.95,"4",1339.98,336.4166667,"5",1530.05,360.5833333,"5",2275.79,384.4166667,"5",3357.54,411.35,"5",4870.42,435.9666667,5,6434.49,460.55,5,7890.06,484.5,"5",9485.02,508.65,"5",10827.49,532.2666667,"w",10474.12,NA,NA,NA,NA,NA,NA,NA,NA,NA,NA,NA,NA,NA,NA,NA,NA,NA,NA,NA,NA,NA,NA,NA,NA,151.98,151.13,150.25,148.81,194.31,361.01,530.85,771.32,1070.79,1321.41,1298.09,1289.87,1479.94,2225.68,3307.43,4820.31,6384.38,7839.95,9434.91,10777.38,10424.01,NA,NA,NA,NA,NA,NA,NA,NA,194.31,1479.94,10424.01
144,"control",20,"20_c_35","T19",314.5666667,1077.49,"T28",10134.25,532.2666667,96.81666667,3,195.88,101.8166667,3,195.34,119.0166667,4,183.01,124.45,4,206.64,144.7666667,4,229.11,166.8333333,4,349.13,191.3166667,"4",554.92,214.95,"4",844.48,238.25,"4",1093,264.6666667,"4",1093.02,290.5666667,"4",1084.44,314.5666667,"5",1077.49,336.7,"5",1522.98,360.9666667,"5",2150.93,384.25,"5",3258.51,411.8666667,"5",4408.24,436.3166667,5,5824.76,460.3166667,5,7617.47,484.4,"5",9030.21,508.6666667,"5",10268.08,532.2666667,"w",10134.25,NA,NA,NA,NA,NA,NA,NA,NA,NA,NA,NA,NA,NA,NA,NA,NA,NA,NA,NA,NA,NA,NA,NA,NA,151.73,151.19,138.86,162.49,184.96,304.98,510.77,800.33,1048.85,1048.87,1040.29,1033.34,1478.83,2106.78,3214.36,4364.09,5780.61,7573.32,8986.06,10223.93,10090.1,NA,NA,NA,NA,NA,NA,NA,NA,138.86,1033.34,10090.1
145,"control",20,"20_c_36","T19",315.0666667,1342.39,"T29",10328.72,554.05,96.66666667,3,297.12,101.7,3,197.01,119.15,4,187.26,124.3333333,4,196.07,144.6166667,4,320.21,166.65,4,565.12,191.8166667,"4",704.62,214.7833333,"4",1108.48,238.05,"4",1388.78,265.05,"4",1477.07,291.0333333,"4",1466.02,315.0666667,"5",1342.39,336.5833333,"5",2029.48,360.85,"5",2992.38,384.15,"5",3666.02,411.6666667,"5",4026.95,436.4833333,5,4995.68,460.5166667,5,6044.18,484.5666667,"5",6157.55,509.0833333,"5",7876.41,532.0166667,"5",9272.29,554.05,"w",10328.72,NA,NA,NA,NA,NA,NA,NA,NA,NA,NA,NA,NA,NA,NA,NA,NA,NA,NA,NA,NA,NA,242.67,142.56,132.81,141.62,265.76,510.67,650.17,1054.03,1334.33,1422.62,1411.57,1287.94,1975.03,2937.93,3611.57,3972.5,4941.23,5989.73,6103.1,7821.96,9217.84,10274.27,NA,NA,NA,NA,NA,NA,NA,132.81,1287.94,10274.27
146,"control",20,"20_c_37","T21",360.45,1131.31,"T29",9064.62,554.1333333,96.26666667,3,122.45,101.4666667,3,141.89,118.6,3,181.07,124.2666667,3,180.81,144.4,3,178.86,166.6833333,4,170.16,191.9,"4",235.01,214.6833333,"4",373.25,238.1166667,"4",616.33,264.95,"4",1036.81,291.1,"4",1132.77,314.8,"4",1122.02,336.4333333,"4",1117.15,360.45,"5",1131.31,383.55,"5",1318.53,411.4666667,"5",1919.66,436.2333333,5,2387.67,460.0666667,5,3105.23,484.4166667,"5",4318.39,508.8,"5",6155.87,532.05,"5",7156.01,554.1333333,"w",9064.62,NA,NA,NA,NA,NA,NA,NA,NA,NA,NA,NA,NA,NA,NA,NA,NA,NA,NA,NA,NA,NA,84.15,103.59,142.77,142.51,140.56,131.86,196.71,334.95,578.03,998.51,1094.47,1083.72,1078.85,1093.01,1280.23,1881.36,2349.37,3066.93,4280.09,6117.57,7117.71,9026.32,NA,NA,NA,NA,NA,NA,NA,131.86,1093.01,9026.32
147,"control",20,"20_c_38","T19",314.4,1524.27,"T26",11218.64,484.6333333,96.05,3,225.76,101.3333333,3,225.26,118.4166667,3,221.88,124.3166667,3,220.89,144.75,4,219.95,166.2,4,377.8,191.4666667,"4",637.59,215,"4",1003.15,237.8833333,"4",1453.32,264.75,"4",1375.87,290.8833333,"4",1365.96,314.4,"5",1524.27,336.7666667,"5",2185.38,360.7833333,"5",3648.94,384.15,"5",5252.79,411.35,"5",7286.75,436.4666667,5,9662.57,460.3666667,5,12026.08,484.6333333,"w",11218.64,NA,NA,NA,NA,NA,NA,NA,NA,NA,NA,NA,NA,NA,NA,NA,NA,NA,NA,NA,NA,NA,NA,NA,NA,NA,NA,NA,NA,NA,NA,172.02,171.52,168.14,167.15,166.21,324.06,583.85,949.41,1399.58,1322.13,1312.22,1470.53,2131.64,3595.2,5199.05,7233.01,9608.83,11972.34,11164.9,NA,NA,NA,NA,NA,NA,NA,NA,NA,NA,166.21,1470.53,11164.9
148,"control",20,"20_c_39","T22",384.1666667,1233.81,"T29",7442.37,553.9833333,96.06666667,3,173.26,101.1666667,3,187.07,118.4,3,177.36,124.1333333,3,176.63,144.75,3,174.94,166.25,4,228.76,191.8833333,"4",412.83,214.4833333,"4",409.64,238.25,"4",504.63,264.3333333,"4",726.53,290.65,"4",791.86,314.8166667,"4",1090.63,336.1833333,"4",1216.76,360.4666667,"4",1209.44,384.1666667,"5",1233.81,411.2,"5",1801.94,435.75,5,2198.51,460.2666667,5,3126.23,484.35,"5",4439.23,508.8833333,"5",6397.92,531.8666667,"5",7236.32,553.9833333,"w",7442.37,NA,NA,NA,NA,NA,NA,NA,NA,NA,NA,NA,NA,NA,NA,NA,NA,NA,NA,NA,NA,NA,115.63,129.44,119.73,119,117.31,171.13,355.2,352.01,447,668.9,734.23,1033,1159.13,1151.81,1176.18,1744.31,2140.88,3068.6,4381.6,6340.29,7178.69,7384.74,NA,NA,NA,NA,NA,NA,NA,171.13,1176.18,7384.74
149,"control",20,"20_c_40","T22",384.25,1528.79,"T29",12073.61,553.9333333,96.08333333,3,175.24,101.3833333,3,179.67,118.4166667,3,230.21,124.0166667,3,225.48,144.7666667,3,224.53,166.1666667,3,222.95,191.8166667,"4",208.97,214.5166667,"4",312.66,238.1833333,"4",492.32,264.35,"4",747.62,290.5666667,"4",1109.47,314.85,"4",1552.68,336.1166667,"4",1574.84,360.4666667,"4",1567.11,384.25,"5",1528.79,411.4333333,"5",2376.54,436,5,3578.09,460.0333333,5,4905.21,484.3666667,"5",6618.02,508.8333333,"5",8745.51,531.8,"5",10398.7,553.9333333,"w",12073.61,NA,NA,NA,NA,NA,NA,NA,NA,NA,NA,NA,NA,NA,NA,NA,NA,NA,NA,NA,NA,NA,123.42,127.85,178.39,173.66,172.71,171.13,157.15,260.84,440.5,695.8,1057.65,1500.86,1523.02,1515.29,1476.97,2324.72,3526.27,4853.39,6566.2,8693.69,10346.88,12021.79,NA,NA,NA,NA,NA,NA,NA,157.15,1476.97,12021.79
15,"control",30,"30_c_8","T11",127.0833333,1167.8,"T15",9856.01,217.3666667,97.68333333,4,1101.5,103.8333333,4,1252.73,121.4333333,4,1211.5,127.0833333,5,1167.8,145.55,5,2773.56,170.25,5,6549.79,193.2166667,"5",9574.34,217.3666667,"w",9856.01,NA,NA,NA,NA,NA,NA,NA,NA,NA,NA,NA,NA,NA,NA,NA,NA,NA,NA,NA,NA,NA,NA,NA,NA,NA,NA,NA,NA,NA,NA,NA,NA,NA,NA,NA,NA,NA,NA,NA,NA,NA,NA,NA,NA,NA,NA,NA,NA,NA,NA,NA,NA,NA,NA,NA,NA,NA,NA,NA,NA,NA,NA,NA,1048.62,1199.85,1158.62,1114.92,2720.68,6496.91,9521.46,9803.13,NA,NA,NA,NA,NA,NA,NA,NA,NA,NA,NA,NA,NA,NA,NA,NA,NA,NA,NA,NA,NA,143.11,1114.92,9803.13
150,"control",30,"30_c_24","T11",122.3666667,1181.2,"T16",7451.75,241.9333333,92.45,4,1023.3,98.33333333,4,1181.52,116.4833333,4,1187.66,122.3666667,5,1181.2,141.4666667,5,1908.62,164.95,5,3500.24,191.65,"5",6214.42,217.45,"5",9029.32,241.9333333,"w",7451.75,NA,NA,NA,NA,NA,NA,NA,NA,NA,NA,NA,NA,NA,NA,NA,NA,NA,NA,NA,NA,NA,NA,NA,NA,NA,NA,NA,NA,NA,NA,NA,NA,NA,NA,NA,NA,NA,NA,NA,NA,NA,NA,NA,NA,NA,NA,NA,NA,NA,NA,NA,NA,NA,NA,NA,NA,NA,NA,NA,NA,958.43,1116.65,1122.79,1116.33,1843.75,3435.37,6149.55,8964.45,7386.88,NA,NA,NA,NA,NA,NA,NA,NA,NA,NA,NA,NA,NA,NA,NA,NA,NA,NA,NA,NA,87.85,1116.33,7386.88
151,"control",30,"30_c_25","T9",98.23333333,1149.51,"T14",8720.48,191.8,92.35,4,1191.16,98.23333333,5,1149.51,116.6333333,5,1214.8,122.2833333,5,1581.68,141.55,5,3329.65,164.8833333,5,7424.17,191.8,"w",8720.48,NA,NA,NA,NA,NA,NA,NA,NA,NA,NA,NA,NA,NA,NA,NA,NA,NA,NA,NA,NA,NA,NA,NA,NA,NA,NA,NA,NA,NA,NA,NA,NA,NA,NA,NA,NA,NA,NA,NA,NA,NA,NA,NA,NA,NA,NA,NA,NA,NA,NA,NA,NA,NA,NA,NA,NA,NA,NA,NA,NA,NA,NA,NA,NA,NA,NA,1112.47,1070.82,1136.11,1502.99,3250.96,7345.48,8641.79,NA,NA,NA,NA,NA,NA,NA,NA,NA,NA,NA,NA,NA,NA,NA,NA,NA,NA,NA,NA,NA,NA,163.92,1070.82,8641.79
152,"control",30,"30_c_26","T13",164.85,1298.17,"T17",6032.66,263.5833333,92.4,4,726.8,98.41666667,4,797.51,116.4666667,4,952.69,122.25,4,986.06,141.5333333,4,953.09,164.85,5,1298.17,191.7666667,"5",2451.03,217.55,"5",4894.12,241.8833333,"5",6931.04,263.5833333,"w",6032.66,NA,NA,NA,NA,NA,NA,NA,NA,NA,NA,NA,NA,NA,NA,NA,NA,NA,NA,NA,NA,NA,NA,NA,NA,NA,NA,NA,NA,NA,NA,NA,NA,NA,NA,NA,NA,NA,NA,NA,NA,NA,NA,NA,NA,NA,NA,NA,NA,NA,NA,NA,NA,NA,NA,NA,NA,NA,614.18,684.89,840.07,873.44,840.47,1185.55,2338.41,4781.5,6818.42,5920.04,NA,NA,NA,NA,NA,NA,NA,NA,NA,NA,NA,NA,NA,NA,NA,NA,NA,NA,NA,73.96,1185.55,5920.04
153,"control",30,"30_c_27","T9",98.35,1124.57,"T14",8673.18,191.8666667,92.46666667,4,1104.59,98.35,5,1124.57,116.5833333,5,2108.2,122.3666667,5,2663.75,141.65,5,4957.06,164.8,5,8847.54,191.8666667,"w",8673.18,NA,NA,NA,NA,NA,NA,NA,NA,NA,NA,NA,NA,NA,NA,NA,NA,NA,NA,NA,NA,NA,NA,NA,NA,NA,NA,NA,NA,NA,NA,NA,NA,NA,NA,NA,NA,NA,NA,NA,NA,NA,NA,NA,NA,NA,NA,NA,NA,NA,NA,NA,NA,NA,NA,NA,NA,NA,NA,NA,NA,NA,NA,NA,NA,NA,NA,988.49,1008.47,1992.1,2547.65,4840.96,8731.44,8557.08,NA,NA,NA,NA,NA,NA,NA,NA,NA,NA,NA,NA,NA,NA,NA,NA,NA,NA,NA,NA,NA,NA,228.52,1008.47,8557.08
154,"control",25,"25_c_20","T16",240.6833333,2124.06,"T19",10758.63,310.15,91.91666667,3,212.68,97.88333333,3,203.86,116.0333333,4,192.65,121.8333333,4,227.51,141,4,468.65,164.4166667,4,919.37,190.6166667,"4",1509.21,217.0833333,"4",1459.48,240.6833333,"5",2124.06,262.4666667,"5",4276.93,286.3666667,"5",7599.82,310.15,"w",10758.63,NA,NA,NA,NA,NA,NA,NA,NA,NA,NA,NA,NA,NA,NA,NA,NA,NA,NA,NA,NA,NA,NA,NA,NA,NA,NA,NA,NA,NA,NA,NA,NA,NA,NA,NA,NA,NA,NA,NA,NA,NA,NA,NA,NA,NA,NA,NA,NA,NA,NA,NA,176.61,167.79,156.58,191.44,432.58,883.3,1473.14,1423.41,2087.99,4240.86,7563.75,10722.56,NA,NA,NA,NA,NA,NA,NA,NA,NA,NA,NA,NA,NA,NA,NA,NA,NA,156.58,2087.99,10722.56
155,"control",25,"25_c_21","T14",190.6666667,1801.87,"T18",12445.96,286.4666667,92.05,4,196.82,97.86666667,4,246.45,116.1,4,584.26,121.8166667,4,687.68,141.05,4,1343.84,164.4,4,1367.01,190.6666667,"5",1801.87,217.0666667,"5",4142.25,240.7666667,"5",7071.55,262.7333333,"5",9509.12,286.4666667,"w",12445.96,NA,NA,NA,NA,NA,NA,NA,NA,NA,NA,NA,NA,NA,NA,NA,NA,NA,NA,NA,NA,NA,NA,NA,NA,NA,NA,NA,NA,NA,NA,NA,NA,NA,NA,NA,NA,NA,NA,NA,NA,NA,NA,NA,NA,NA,NA,NA,NA,NA,NA,NA,NA,NA,NA,147.91,197.54,535.35,638.77,1294.93,1318.1,1752.96,4093.34,7022.64,9460.21,12397.05,NA,NA,NA,NA,NA,NA,NA,NA,NA,NA,NA,NA,NA,NA,NA,NA,NA,NA,147.91,1752.96,12397.05
156,"control",25,"25_c_22","T14",190.8333333,2374.81,"T18",12016.56,286.4666667,92.23333333,3,285.2,97.75,4,354.77,116.3,4,814.49,121.7,4,944.2,141.2,4,1669.69,164.3,4,1632.7,190.8333333,"5",2374.81,216.9166667,"5",4766.66,241.0166667,"5",8510.53,262.55,"5",11533.91,286.4666667,"w",12016.56,NA,NA,NA,NA,NA,NA,NA,NA,NA,NA,NA,NA,NA,NA,NA,NA,NA,NA,NA,NA,NA,NA,NA,NA,NA,NA,NA,NA,NA,NA,NA,NA,NA,NA,NA,NA,NA,NA,NA,NA,NA,NA,NA,NA,NA,NA,NA,NA,NA,NA,NA,NA,NA,NA,222.45,292.02,751.74,881.45,1606.94,1569.95,2312.06,4703.91,8447.78,11471.16,11953.81,NA,NA,NA,NA,NA,NA,NA,NA,NA,NA,NA,NA,NA,NA,NA,NA,NA,NA,292.02,2312.06,11953.81
157,"control",25,"25_c_23","T14",190.8166667,1887.89,"T18",11128.07,286.5833333,92.25,4,305.89,97.86666667,4,386.15,116.25,4,818.03,121.85,4,956.47,141.1666667,4,1495.55,164.45,4,1438.84,190.8166667,"5",1887.89,217.0833333,"5",3873.35,240.9666667,"5",6608.6,262.7333333,"5",9244.77,286.5833333,"w",11128.07,NA,NA,NA,NA,NA,NA,NA,NA,NA,NA,NA,NA,NA,NA,NA,NA,NA,NA,NA,NA,NA,NA,NA,NA,NA,NA,NA,NA,NA,NA,NA,NA,NA,NA,NA,NA,NA,NA,NA,NA,NA,NA,NA,NA,NA,NA,NA,NA,NA,NA,NA,NA,NA,NA,244.29,324.55,756.43,894.87,1433.95,1377.24,1826.29,3811.75,6547,9183.17,11066.47,NA,NA,NA,NA,NA,NA,NA,NA,NA,NA,NA,NA,NA,NA,NA,NA,NA,NA,78.22,1826.29,11066.47
158,"control",25,"25_c_24","T14",190.9,2420.67,"T18",11347.41,286.5666667,92.21666667,4,419.23,97.95,4,524.88,116.35,4,1009.52,121.85,4,1055.46,141.2666667,4,1536.09,164.45,4,1512.37,190.9,"5",2420.67,217.0833333,"5",5428.84,241.0833333,"5",8570.52,262.7333333,"5",11485.75,286.5666667,"w",11347.41,NA,NA,NA,NA,NA,NA,NA,NA,NA,NA,NA,NA,NA,NA,NA,NA,NA,NA,NA,NA,NA,NA,NA,NA,NA,NA,NA,NA,NA,NA,NA,NA,NA,NA,NA,NA,NA,NA,NA,NA,NA,NA,NA,NA,NA,NA,NA,NA,NA,NA,NA,NA,NA,NA,352.31,457.96,942.6,988.54,1469.17,1445.45,2353.75,5361.92,8503.6,11418.83,11280.49,NA,NA,NA,NA,NA,NA,NA,NA,NA,NA,NA,NA,NA,NA,NA,NA,NA,NA,134.69,2353.75,11280.49
159,"control",25,"25_c_25","T16",241,1411.62,"T21",9573.96,362.1666667,92.06666667,3,185.5,98.11666667,4,180.42,116.15,4,327.89,122.05,4,400.31,141.1333333,4,870.17,164.6333333,4,922.83,190.75,"4",1047.34,217.3166667,"4",1085.76,241,"5",1411.62,262.6,"5",2587.31,286.6,"5",4908.91,310.2166667,"5",8020.19,337.5833333,"5",10836.23,362.1666667,"w",9573.96,NA,NA,NA,NA,NA,NA,NA,NA,NA,NA,NA,NA,NA,NA,NA,NA,NA,NA,NA,NA,NA,NA,NA,NA,NA,NA,NA,NA,NA,NA,NA,NA,NA,NA,NA,NA,NA,NA,NA,NA,NA,NA,NA,NA,NA,140.17,135.09,282.56,354.98,824.84,877.5,1002.01,1040.43,1366.29,2541.98,4863.58,7974.86,10790.9,9528.63,NA,NA,NA,NA,NA,NA,NA,NA,NA,NA,NA,NA,NA,NA,NA,135.09,1366.29,9528.63
16,"control",30,"30_c_9","T11",127.15,1059.56,"T16",9034.14,241.1166667,97.85,4,1109.59,103.55,4,1077.12,121.4333333,4,1067.33,127.15,5,1059.56,145.65,5,1103.72,169.9,5,3273.84,193.25,"5",6765.86,217.1,"5",9081.5,241.1166667,"w",9034.14,NA,NA,NA,NA,NA,NA,NA,NA,NA,NA,NA,NA,NA,NA,NA,NA,NA,NA,NA,NA,NA,NA,NA,NA,NA,NA,NA,NA,NA,NA,NA,NA,NA,NA,NA,NA,NA,NA,NA,NA,NA,NA,NA,NA,NA,NA,NA,NA,NA,NA,NA,NA,NA,NA,NA,NA,NA,NA,NA,NA,1055.02,1022.55,1012.76,1004.99,1049.15,3219.27,6711.29,9026.93,8979.57,NA,NA,NA,NA,NA,NA,NA,NA,NA,NA,NA,NA,NA,NA,NA,NA,NA,NA,NA,NA,198.5,1004.99,8979.57
17,"control",30,"30_c_10","T11",127.0666667,1371.98,"T15",11300.82,217.3666667,97.75,4,1218.77,103.6666667,4,1313.76,121.45,4,1286.87,127.0666667,5,1371.98,145.4166667,5,3220.03,170.2833333,5,7405.04,193,"5",10465.46,217.3666667,"w",11300.82,NA,NA,NA,NA,NA,NA,NA,NA,NA,NA,NA,NA,NA,NA,NA,NA,NA,NA,NA,NA,NA,NA,NA,NA,NA,NA,NA,NA,NA,NA,NA,NA,NA,NA,NA,NA,NA,NA,NA,NA,NA,NA,NA,NA,NA,NA,NA,NA,NA,NA,NA,NA,NA,NA,NA,NA,NA,NA,NA,NA,NA,NA,NA,1161.16,1256.15,1229.26,1314.37,3162.42,7347.43,10407.85,11243.21,NA,NA,NA,NA,NA,NA,NA,NA,NA,NA,NA,NA,NA,NA,NA,NA,NA,NA,NA,NA,NA,157.88,1314.37,11243.21
18,"control",30,"30_c_11","T11",126.6,1239.9,"T15",9674.91,217.2666667,97.46666667,4,1287.22,103.4166667,4,1288.15,121.55,4,1269.1,126.6,5,1239.9,145.5666667,5,2297.23,170.0666667,5,5246.96,193.2333333,"5",8559.46,217.2666667,"w",9674.91,NA,NA,NA,NA,NA,NA,NA,NA,NA,NA,NA,NA,NA,NA,NA,NA,NA,NA,NA,NA,NA,NA,NA,NA,NA,NA,NA,NA,NA,NA,NA,NA,NA,NA,NA,NA,NA,NA,NA,NA,NA,NA,NA,NA,NA,NA,NA,NA,NA,NA,NA,NA,NA,NA,NA,NA,NA,NA,NA,NA,NA,NA,NA,1228.84,1229.77,1210.72,1181.52,2238.85,5188.58,8501.08,9616.53,NA,NA,NA,NA,NA,NA,NA,NA,NA,NA,NA,NA,NA,NA,NA,NA,NA,NA,NA,NA,NA,157.38,1181.52,9616.53
19,"control",30,"30_c_12","T12",145.6166667,1443.95,"T16",9681.83,241.05,97.56666667,4,713.14,103.3,4,979.46,121.55,4,1621.42,126.7333333,4,1516.43,145.6166667,5,1443.95,169.4,5,3699.52,193.2333333,"5",6811.27,217.1166667,"5",9309.46,241.05,"w",9681.83,NA,NA,NA,NA,NA,NA,NA,NA,NA,NA,NA,NA,NA,NA,NA,NA,NA,NA,NA,NA,NA,NA,NA,NA,NA,NA,NA,NA,NA,NA,NA,NA,NA,NA,NA,NA,NA,NA,NA,NA,NA,NA,NA,NA,NA,NA,NA,NA,NA,NA,NA,NA,NA,NA,NA,NA,NA,NA,NA,NA,680.32,946.64,1588.6,1483.61,1411.13,3666.7,6778.45,9276.64,9649.01,NA,NA,NA,NA,NA,NA,NA,NA,NA,NA,NA,NA,NA,NA,NA,NA,NA,NA,NA,NA,190.79,1411.13,9649.01
2,"control",30,"30_c_2","T9",101.7666667,1085.97,"T14",8957.22,191.8,96.13333333,4,1097.71,101.7666667,5,1085.97,119.9833333,5,2252.25,126.0833333,5,2641.48,143.55,5,5239.06,167.6666667,5,8561.53,191.8,"w",8957.22,NA,NA,NA,NA,NA,NA,NA,NA,NA,NA,NA,NA,NA,NA,NA,NA,NA,NA,NA,NA,NA,NA,NA,NA,NA,NA,NA,NA,NA,NA,NA,NA,NA,NA,NA,NA,NA,NA,NA,NA,NA,NA,NA,NA,NA,NA,NA,NA,NA,NA,NA,NA,NA,NA,NA,NA,NA,NA,NA,NA,NA,NA,NA,NA,NA,NA,994.03,982.29,2148.57,2537.8,5135.38,8457.85,8853.54,NA,NA,NA,NA,NA,NA,NA,NA,NA,NA,NA,NA,NA,NA,NA,NA,NA,NA,NA,NA,NA,NA,68.44,982.29,8853.54
20,"control",30,"30_c_13","T11",126.7333333,1393.54,"T15",10291.82,217.05,97.48333333,4,1310.53,103.3666667,4,1416.32,121.4666667,4,1386.63,126.7333333,5,1393.54,145.5166667,5,3190.84,169.4333333,5,7194.69,193.3,"5",10221.77,217.05,"w",10291.82,NA,NA,NA,NA,NA,NA,NA,NA,NA,NA,NA,NA,NA,NA,NA,NA,NA,NA,NA,NA,NA,NA,NA,NA,NA,NA,NA,NA,NA,NA,NA,NA,NA,NA,NA,NA,NA,NA,NA,NA,NA,NA,NA,NA,NA,NA,NA,NA,NA,NA,NA,NA,NA,NA,NA,NA,NA,NA,NA,NA,NA,NA,NA,1243.94,1349.73,1320.04,1326.95,3124.25,7128.1,10155.18,10225.23,NA,NA,NA,NA,NA,NA,NA,NA,NA,NA,NA,NA,NA,NA,NA,NA,NA,NA,NA,NA,NA,142.45,1326.95,10225.23
21,"control",30,"30_c_14","T11",126.8333333,1276.33,"T14",7986.74,193.2833333,97.45,4,1069.43,103.6,4,1193.34,121.35,4,1169.66,126.8333333,5,1276.33,145.3333333,5,3152.96,169.55,5,7374.69,193.2833333,"w",7986.74,NA,NA,NA,NA,NA,NA,NA,NA,NA,NA,NA,NA,NA,NA,NA,NA,NA,NA,NA,NA,NA,NA,NA,NA,NA,NA,NA,NA,NA,NA,NA,NA,NA,NA,NA,NA,NA,NA,NA,NA,NA,NA,NA,NA,NA,NA,NA,NA,NA,NA,NA,NA,NA,NA,NA,NA,NA,NA,NA,NA,NA,NA,NA,NA,NA,NA,1028.88,1152.79,1129.11,1235.78,3112.41,7334.14,7946.19,NA,NA,NA,NA,NA,NA,NA,NA,NA,NA,NA,NA,NA,NA,NA,NA,NA,NA,NA,NA,NA,NA,104.54,1235.78,7946.19
210,"control",20,"20_c_41","T22",388.2666667,1314.34,"T32",9811.79,625.5833333,100.5166667,3,133.19,106.6333333,3,147.07,124,3,169.83,134.8,3,165.93,147.6,3,166.77,170.7666667,3,163.42,195.6666667,"4",177.47,221.0833333,"4",269.5,244.8666667,"4",439.5,267.95,"4",583.56,291.9333333,"4",942.28,316.0666667,"4",1280.81,338.85,"4",1275.78,362.8166667,"4",1282.39,388.2666667,"5",1314.34,411.3,"5",1881.18,433.9833333,5,2878.92,458.4666667,5,4407.31,481.5666667,"5",5701.35,506.2,"5",7056.23,530.0166667,"5",8573.15,552.7166667,"5",10053.18,578.2166667,"5",11012.21,600.55,"5",10475.19,625.5833333,"w",9811.79,NA,NA,NA,NA,NA,NA,NA,NA,NA,NA,NA,NA,98.03,111.91,134.67,130.77,131.61,128.26,142.31,234.34,404.34,548.4,907.12,1245.65,1240.62,1247.23,1279.18,1846.02,2843.76,4372.15,5666.19,7021.07,8537.99,10018.02,10977.05,10440.03,9776.63,NA,NA,NA,NA,142.31,1279.18,9776.63
211,"control",20,"20_c_42","T20",338.95,1115.88,"T29",11023.84,552.7166667,100.25,3,187.41,106.5166667,3,186.9,123.8,3,185.23,134.9166667,4,174.41,147.9,4,226.44,170.8,4,379.68,195.9,"4",647.35,221,"4",781.13,244.6166667,"4",1185.69,268.1,"4",1174.52,291.7166667,"4",1167.71,315.9833333,"4",1158.47,338.95,"5",1115.88,362.75,"5",1604.3,388.2666667,"5",2667.8,411.2,"5",3797.28,434.5166667,5,5430.81,458.4833333,5,6765.25,481.65,"5",7902.38,505.95,"5",10366.46,529.9333333,"5",11709.3,552.7166667,"w",11023.84,NA,NA,NA,NA,NA,NA,NA,NA,NA,NA,NA,NA,NA,NA,NA,NA,NA,NA,NA,NA,NA,155.23,154.72,153.05,142.23,194.26,347.5,615.17,748.95,1153.51,1142.34,1135.53,1126.29,1083.7,1572.12,2635.62,3765.1,5398.63,6733.07,7870.2,10334.28,11677.12,10991.66,NA,NA,NA,NA,NA,NA,NA,142.23,1083.7,10991.66
259,"control",30,"30_c_28","T10",120.7166667,1152.16,"T15",9324.14,218.6833333,97.48333333,4,1186.16,108.1666667,4,1204.94,120.7166667,5,1152.16,129.8166667,5,1609.32,144.7333333,5,2796.66,169.3666667,5,5849.52,194.9,"5",9601.38,218.6833333,"w",9324.14,NA,NA,NA,NA,NA,NA,NA,NA,NA,NA,NA,NA,NA,NA,NA,NA,NA,NA,NA,NA,NA,NA,NA,NA,NA,NA,NA,NA,NA,NA,NA,NA,NA,NA,NA,NA,NA,NA,NA,NA,NA,NA,NA,NA,NA,NA,NA,NA,NA,NA,NA,NA,NA,NA,NA,NA,NA,NA,NA,NA,NA,NA,NA,1126.25,1145.03,1092.25,1549.41,2736.75,5789.61,9541.47,9264.23,NA,NA,NA,NA,NA,NA,NA,NA,NA,NA,NA,NA,NA,NA,NA,NA,NA,NA,NA,NA,NA,138.09,1092.25,9264.23
260,"control",30,"30_c_29","T10",120.9333333,1048.38,"T15",8922.16,218.4666667,97.58333333,4,1067.9,120.0166667,4,1088.97,120.9333333,5,1048.38,129.2333333,5,1417.85,144.3666667,5,2862.52,169.1166667,5,5737.16,194.6333333,"5",9535.57,218.4666667,"w",8922.16,NA,NA,NA,NA,NA,NA,NA,NA,NA,NA,NA,NA,NA,NA,NA,NA,NA,NA,NA,NA,NA,NA,NA,NA,NA,NA,NA,NA,NA,NA,NA,NA,NA,NA,NA,NA,NA,NA,NA,NA,NA,NA,NA,NA,NA,NA,NA,NA,NA,NA,NA,NA,NA,NA,NA,NA,NA,NA,NA,NA,NA,NA,NA,1024.91,1045.98,1005.39,1374.86,2819.53,5694.17,9492.58,8879.17,NA,NA,NA,NA,NA,NA,NA,NA,NA,NA,NA,NA,NA,NA,NA,NA,NA,NA,NA,NA,NA,131.08,1005.39,8879.17
261,"control",30,"30_c_30","T10",120.9833333,1040.81,"T15",8434.3,218.5833333,97.45,4,1047.87,107.9333333,4,1090.9,120.9833333,5,1040.81,129.4166667,5,1371.13,144.5166667,5,2530.62,169.2333333,5,5088.85,194.9166667,"5",8966.62,218.5833333,"w",8434.3,NA,NA,NA,NA,NA,NA,NA,NA,NA,NA,NA,NA,NA,NA,NA,NA,NA,NA,NA,NA,NA,NA,NA,NA,NA,NA,NA,NA,NA,NA,NA,NA,NA,NA,NA,NA,NA,NA,NA,NA,NA,NA,NA,NA,NA,NA,NA,NA,NA,NA,NA,NA,NA,NA,NA,NA,NA,NA,NA,NA,NA,NA,NA,1005.77,1048.8,998.71,1329.03,2488.52,5046.75,8924.52,8392.2,NA,NA,NA,NA,NA,NA,NA,NA,NA,NA,NA,NA,NA,NA,NA,NA,NA,NA,NA,NA,NA,121.11,998.71,8392.2
269,"control",30,"30_c_31","T11",129.0333333,1412.43,"T15",8445.99,218.25,97.45,4,1056.23,107.55,4,1149.72,120.7166667,4,1138.01,129.0333333,5,1412.43,144.2166667,5,2856.61,168.4166667,5,5487.48,194.1666667,"5",9390.52,218.25,"w",8445.99,NA,NA,NA,NA,NA,NA,NA,NA,NA,NA,NA,NA,NA,NA,NA,NA,NA,NA,NA,NA,NA,NA,NA,NA,NA,NA,NA,NA,NA,NA,NA,NA,NA,NA,NA,NA,NA,NA,NA,NA,NA,NA,NA,NA,NA,NA,NA,NA,NA,NA,NA,NA,NA,NA,NA,NA,NA,NA,NA,NA,NA,NA,NA,1011.47,1104.96,1093.25,1367.67,2811.85,5442.72,9345.76,8401.23,NA,NA,NA,NA,NA,NA,NA,NA,NA,NA,NA,NA,NA,NA,NA,NA,NA,NA,NA,NA,NA,106.49,1367.67,8401.23
270,"control",30,"30_c_32","T11",129.1333333,1514.37,"T15",8551.98,218.3333333,97.3,4,1201.62,107.65,4,1199.23,120.6333333,4,1189.35,129.1333333,5,1514.37,144.15,5,2646.87,168.6833333,5,5560.42,194.3666667,"5",9616.43,218.3333333,"w",8551.98,NA,NA,NA,NA,NA,NA,NA,NA,NA,NA,NA,NA,NA,NA,NA,NA,NA,NA,NA,NA,NA,NA,NA,NA,NA,NA,NA,NA,NA,NA,NA,NA,NA,NA,NA,NA,NA,NA,NA,NA,NA,NA,NA,NA,NA,NA,NA,NA,NA,NA,NA,NA,NA,NA,NA,NA,NA,NA,NA,NA,NA,NA,NA,1137.14,1134.75,1124.87,1449.89,2582.39,5495.94,9551.95,8487.5,NA,NA,NA,NA,NA,NA,NA,NA,NA,NA,NA,NA,NA,NA,NA,NA,NA,NA,NA,NA,NA,160.87,1449.89,8487.5
272,"control",30,"30_c_34","T11",128.9,985.76,"T15",8516.29,218.1166667,97.13333333,4,997.79,107.7166667,4,1021.85,120.5,4,1011.84,128.9,5,985.76,144.3333333,5,2021.3,168.8333333,5,4975.17,194.2166667,"5",8773.11,218.1166667,"w",8516.29,NA,NA,NA,NA,NA,NA,NA,NA,NA,NA,NA,NA,NA,NA,NA,NA,NA,NA,NA,NA,NA,NA,NA,NA,NA,NA,NA,NA,NA,NA,NA,NA,NA,NA,NA,NA,NA,NA,NA,NA,NA,NA,NA,NA,NA,NA,NA,NA,NA,NA,NA,NA,NA,NA,NA,NA,NA,NA,NA,NA,NA,NA,NA,954.5,978.56,968.55,942.47,1978.01,4931.88,8729.82,8473,NA,NA,NA,NA,NA,NA,NA,NA,NA,NA,NA,NA,NA,NA,NA,NA,NA,NA,NA,NA,NA,109.01,942.47,8473
273,"control",30,"30_c_35","T14",193.8333333,834.35,"T20",7310.98,336.4333333,96.88333333,4,200.96,107.9,4,193.97,120.1,4,383.42,129.1833333,4,371.7,144.0666667,4,751.77,168.5,4,866.64,193.8333333,"5",834.35,217.7333333,"5",1152.72,241.2666667,"5",2294.62,264.75,"5",3946.39,289.4166667,"5",6198.36,312.5166667,"5",8130.16,336.4333333,"w",7310.98,NA,NA,NA,NA,NA,NA,NA,NA,NA,NA,NA,NA,NA,NA,NA,NA,NA,NA,NA,NA,NA,NA,NA,NA,NA,NA,NA,NA,NA,NA,NA,NA,NA,NA,NA,NA,NA,NA,NA,NA,NA,NA,NA,NA,NA,NA,NA,NA,167.52,160.53,349.98,338.26,718.33,833.2,800.91,1119.28,2261.18,3912.95,6164.92,8096.72,7277.54,NA,NA,NA,NA,NA,NA,NA,NA,NA,NA,NA,NA,NA,NA,NA,NA,167.52,800.91,7277.54
274,"control",30,"30_c_36","T13",168.9333333,1071.89,"T18",7556.84,288.9666667,96.73333333,4,661.95,107.95,4,923.94,120.1666667,4,1051.61,129.3666667,4,1146.69,144.1,4,1129.92,168.9333333,5,1071.89,194.3833333,"5",2294.18,217.8,"5",3646.19,241.4666667,"5",6699.93,265.0666667,"5",8808.73,288.9666667,"w",7556.84,NA,NA,NA,NA,NA,NA,NA,NA,NA,NA,NA,NA,NA,NA,NA,NA,NA,NA,NA,NA,NA,NA,NA,NA,NA,NA,NA,NA,NA,NA,NA,NA,NA,NA,NA,NA,NA,NA,NA,NA,NA,NA,NA,NA,NA,NA,NA,NA,NA,NA,NA,NA,NA,NA,628.68,890.67,1018.34,1113.42,1096.65,1038.62,2260.91,3612.92,6666.66,8775.46,7523.57,NA,NA,NA,NA,NA,NA,NA,NA,NA,NA,NA,NA,NA,NA,NA,NA,NA,NA,182.63,1038.62,7523.57
275,"control",30,"30_c_37","T13",168.1333333,1182.89,"T17",8044.64,265.1166667,97.2,4,625.2,107.4333333,4,848.82,120.4833333,4,853.7,128.9166667,4,839.47,143.9,4,831.95,168.1333333,5,1182.89,194.0666667,"5",3304.77,217.6,"5",5987.95,241.4833333,"5",8350.62,265.1166667,"w",8044.64,NA,NA,NA,NA,NA,NA,NA,NA,NA,NA,NA,NA,NA,NA,NA,NA,NA,NA,NA,NA,NA,NA,NA,NA,NA,NA,NA,NA,NA,NA,NA,NA,NA,NA,NA,NA,NA,NA,NA,NA,NA,NA,NA,NA,NA,NA,NA,NA,NA,NA,NA,NA,NA,NA,NA,NA,NA,586.12,809.74,814.62,800.39,792.87,1143.81,3265.69,5948.87,8311.54,8005.56,NA,NA,NA,NA,NA,NA,NA,NA,NA,NA,NA,NA,NA,NA,NA,NA,NA,NA,NA,117.04,1143.81,8005.56
276,"control",30,"30_c_38","T11",129.1333333,1327.44,"T15",9081.3,218.05,97.26666667,4,987.26,107.3,4,1033.58,119.9,4,1025.14,129.1333333,5,1327.44,143.9166667,5,2739.65,168.4166667,5,6088.89,193.6666667,"5",9932.25,218.05,"w",9081.3,NA,NA,NA,NA,NA,NA,NA,NA,NA,NA,NA,NA,NA,NA,NA,NA,NA,NA,NA,NA,NA,NA,NA,NA,NA,NA,NA,NA,NA,NA,NA,NA,NA,NA,NA,NA,NA,NA,NA,NA,NA,NA,NA,NA,NA,NA,NA,NA,NA,NA,NA,NA,NA,NA,NA,NA,NA,NA,NA,NA,NA,NA,NA,945.34,991.66,983.22,1285.52,2697.73,6046.97,9890.33,9039.38,NA,NA,NA,NA,NA,NA,NA,NA,NA,NA,NA,NA,NA,NA,NA,NA,NA,NA,NA,NA,NA,64.09,1285.52,9039.38
28,"control",25,"25_c_1","T14",192.8,1279.56,"T19",12029.31,312.25,97.03333333,4,301.37,102.9666667,4,318.93,121.0166667,4,749.05,127.6666667,4,941.01,145.0166667,4,1395.33,168.9833333,4,1343.74,192.8,"5",1279.56,216.75,"5",2631.25,240.7666667,"5",5460.32,264.9833333,"5",9172.36,288.4,"5",12300.73,312.25,"w",12029.31,NA,NA,NA,NA,NA,NA,NA,NA,NA,NA,NA,NA,NA,NA,NA,NA,NA,NA,NA,NA,NA,NA,NA,NA,NA,NA,NA,NA,NA,NA,NA,NA,NA,NA,NA,NA,NA,NA,NA,NA,NA,NA,NA,NA,NA,NA,NA,NA,NA,NA,NA,247.09,264.65,694.77,886.73,1341.05,1289.46,1225.28,2576.97,5406.04,9118.08,12246.45,11975.03,NA,NA,NA,NA,NA,NA,NA,NA,NA,NA,NA,NA,NA,NA,NA,NA,NA,247.09,1225.28,11975.03
29,"control",25,"25_c_2","T13",166.6833333,2125.64,"T17",12466.35,262.25,94.95,4,1008.07,101.5666667,4,1116.97,119.25,4,1608.38,124.75,4,1607.25,144,4,1594.68,166.6833333,5,2125.64,191.8666667,"5",4608.47,216.55,"5",8331.05,239.55,"5",11902.51,262.25,"w",12466.35,NA,NA,NA,NA,NA,NA,NA,NA,NA,NA,NA,NA,NA,NA,NA,NA,NA,NA,NA,NA,NA,NA,NA,NA,NA,NA,NA,NA,NA,NA,NA,NA,NA,NA,NA,NA,NA,NA,NA,NA,NA,NA,NA,NA,NA,NA,NA,NA,NA,NA,NA,NA,NA,NA,NA,NA,NA,903.53,1012.43,1503.84,1502.71,1490.14,2021.1,4503.93,8226.51,11797.97,12361.81,NA,NA,NA,NA,NA,NA,NA,NA,NA,NA,NA,NA,NA,NA,NA,NA,NA,NA,NA,133.29,2021.1,12361.81
295,"control",30,"30_c_40","T11",127.6666667,1624.22,"T15",10818.56,217.2833333,96.9,4,1596.73,104.3666667,4,1548.33,120.4166667,4,1537.75,127.6666667,5,1624.22,145.0666667,5,3508.18,169.1833333,5,6684.87,194,"5",9506.35,217.2833333,"w",10818.56,NA,NA,NA,NA,NA,NA,NA,NA,NA,NA,NA,NA,NA,NA,NA,NA,NA,NA,NA,NA,NA,NA,NA,NA,NA,NA,NA,NA,NA,NA,NA,NA,NA,NA,NA,NA,NA,NA,NA,NA,NA,NA,NA,NA,NA,NA,NA,NA,NA,NA,NA,NA,NA,NA,NA,NA,NA,NA,NA,NA,NA,NA,NA,1542.2,1493.8,1483.22,1569.69,3453.65,6630.34,9451.82,10764.03,NA,NA,NA,NA,NA,NA,NA,NA,NA,NA,NA,NA,NA,NA,NA,NA,NA,NA,NA,NA,NA,112.73,1569.69,10764.03
296,"control",30,"30_c_41","T11",127.2,1348.8,"T16",10461.79,241.6,96.78333333,4,1298.15,104.5833333,4,1418.88,120.3166667,4,1409.68,127.2,5,1348.8,144.5,5,1440.49,169.2666667,5,3727.69,193.95,"5",7617.37,217.1,"5",11576.57,241.6,"w",10461.79,NA,NA,NA,NA,NA,NA,NA,NA,NA,NA,NA,NA,NA,NA,NA,NA,NA,NA,NA,NA,NA,NA,NA,NA,NA,NA,NA,NA,NA,NA,NA,NA,NA,NA,NA,NA,NA,NA,NA,NA,NA,NA,NA,NA,NA,NA,NA,NA,NA,NA,NA,NA,NA,NA,NA,NA,NA,NA,NA,NA,1252.49,1373.22,1364.02,1303.14,1394.83,3682.03,7571.71,11530.91,10416.13,NA,NA,NA,NA,NA,NA,NA,NA,NA,NA,NA,NA,NA,NA,NA,NA,NA,NA,NA,NA,132.8,1303.14,10416.13
297,"control",30,"30_c_42","T11",126.9833333,1260.22,"T15",8678.6,217.1333333,96.55,4,1194.12,103.9166667,4,1278.23,120.3666667,4,1250.03,126.9833333,5,1260.22,144.8833333,5,2770.37,169.4833333,5,4161.47,193.7833333,"5",7900.52,217.1333333,"w",8678.6,NA,NA,NA,NA,NA,NA,NA,NA,NA,NA,NA,NA,NA,NA,NA,NA,NA,NA,NA,NA,NA,NA,NA,NA,NA,NA,NA,NA,NA,NA,NA,NA,NA,NA,NA,NA,NA,NA,NA,NA,NA,NA,NA,NA,NA,NA,NA,NA,NA,NA,NA,NA,NA,NA,NA,NA,NA,NA,NA,NA,NA,NA,NA,1151.33,1235.44,1207.24,1217.43,2727.58,4118.68,7857.73,8635.81,NA,NA,NA,NA,NA,NA,NA,NA,NA,NA,NA,NA,NA,NA,NA,NA,NA,NA,NA,NA,NA,96.08,1217.43,8635.81
3,"control",30,"30_c_3","T11",125.9833333,1519.11,"T15",9204.25,215.3833333,95.85,4,1365.77,101.95,4,1468.92,119.7333333,4,1431.18,125.9833333,5,1519.11,143.9666667,5,2861.67,167.2833333,5,5527.88,191.7166667,"5",9075.73,215.3833333,"w",9204.25,NA,NA,NA,NA,NA,NA,NA,NA,NA,NA,NA,NA,NA,NA,NA,NA,NA,NA,NA,NA,NA,NA,NA,NA,NA,NA,NA,NA,NA,NA,NA,NA,NA,NA,NA,NA,NA,NA,NA,NA,NA,NA,NA,NA,NA,NA,NA,NA,NA,NA,NA,NA,NA,NA,NA,NA,NA,NA,NA,NA,NA,NA,NA,1308.54,1411.69,1373.95,1461.88,2804.44,5470.65,9018.5,9147.02,NA,NA,NA,NA,NA,NA,NA,NA,NA,NA,NA,NA,NA,NA,NA,NA,NA,NA,NA,NA,NA,203.74,1461.88,9147.02
30,"control",25,"25_c_3","T14",192.5666667,2121.15,"T18",12056.18,286.1166667,94.85,4,451.64,101.6,4,584.86,119.15,4,975.59,124.3,4,1103.92,143.8,4,1626.55,166.7166667,4,1566.62,192.5666667,"5",2121.15,216.3666667,"5",4239.45,239.2333333,"5",8113.34,261.8833333,"5",11382.9,286.1166667,"w",12056.18,NA,NA,NA,NA,NA,NA,NA,NA,NA,NA,NA,NA,NA,NA,NA,NA,NA,NA,NA,NA,NA,NA,NA,NA,NA,NA,NA,NA,NA,NA,NA,NA,NA,NA,NA,NA,NA,NA,NA,NA,NA,NA,NA,NA,NA,NA,NA,NA,NA,NA,NA,NA,NA,NA,405.67,538.89,929.62,1057.95,1580.58,1520.65,2075.18,4193.48,8067.37,11336.93,12010.21,NA,NA,NA,NA,NA,NA,NA,NA,NA,NA,NA,NA,NA,NA,NA,NA,NA,NA,173.36,2075.18,12010.21
31,"control",25,"25_c_4","T14",191.9666667,1949.41,"T18",11044.75,286.05,94.91666667,4,389.41,101.2666667,4,499.97,118.85,4,968.44,124.6166667,4,1123.05,144.0333333,4,1453.15,166.5,4,1498.99,191.9666667,"5",1949.41,215.9,"5",4099.13,239.6833333,"5",7294.81,261.9166667,"5",10359.02,286.05,"w",11044.75,NA,NA,NA,NA,NA,NA,NA,NA,NA,NA,NA,NA,NA,NA,NA,NA,NA,NA,NA,NA,NA,NA,NA,NA,NA,NA,NA,NA,NA,NA,NA,NA,NA,NA,NA,NA,NA,NA,NA,NA,NA,NA,NA,NA,NA,NA,NA,NA,NA,NA,NA,NA,NA,NA,327.01,437.57,906.04,1060.65,1390.75,1436.59,1887.01,4036.73,7232.41,10296.62,10982.35,NA,NA,NA,NA,NA,NA,NA,NA,NA,NA,NA,NA,NA,NA,NA,NA,NA,NA,129.43,1887.01,10982.35
332,"control",25,"25_c_26","T14",192.9666667,2091.67,"T19",13531.9,313.25,96.58333333,4,424.78,103.7,4,560.52,120.7,4,976.1,128.8166667,4,1119.41,145.2166667,4,1709.62,168.4666667,4,1707.02,192.9666667,"5",2091.67,217.2666667,"5",3889.87,241.0333333,"5",7459,265.4166667,"5",11236.18,289.25,"5",14245.02,313.25,"w",13531.9,NA,NA,NA,NA,NA,NA,NA,NA,NA,NA,NA,NA,NA,NA,NA,NA,NA,NA,NA,NA,NA,NA,NA,NA,NA,NA,NA,NA,NA,NA,NA,NA,NA,NA,NA,NA,NA,NA,NA,NA,NA,NA,NA,NA,NA,NA,NA,NA,NA,NA,NA,376.15,511.89,927.47,1070.78,1660.99,1658.39,2043.04,3841.24,7410.37,11187.55,14196.39,13483.27,NA,NA,NA,NA,NA,NA,NA,NA,NA,NA,NA,NA,NA,NA,NA,NA,NA,154.7,2043.04,13483.27
333,"control",25,"25_c_27","T14",193.0666667,2384.82,"T18",13323.56,289.9333333,96.58333333,4,444.19,103.6333333,4,615.15,120.7166667,4,991.67,128.75,4,1329.22,144.9166667,4,1915.61,168.6166667,4,1921.13,193.0666667,"5",2384.82,217.4,"5",5241.24,240.9166667,"5",8053.32,265.0333333,"5",12379.88,289.9333333,"w",13323.56,NA,NA,NA,NA,NA,NA,NA,NA,NA,NA,NA,NA,NA,NA,NA,NA,NA,NA,NA,NA,NA,NA,NA,NA,NA,NA,NA,NA,NA,NA,NA,NA,NA,NA,NA,NA,NA,NA,NA,NA,NA,NA,NA,NA,NA,NA,NA,NA,NA,NA,NA,NA,NA,NA,388.38,559.34,935.86,1273.41,1859.8,1865.32,2329.01,5185.43,7997.51,12324.07,13267.75,NA,NA,NA,NA,NA,NA,NA,NA,NA,NA,NA,NA,NA,NA,NA,NA,NA,NA,157.56,2329.01,13267.75
334,"control",25,"25_c_28","T13",168.2,1654.07,"T18",13244.96,289.9166667,96.26666667,4,471.4,103.7666667,4,652.07,120.4833333,4,1218.96,128.85,4,1534.99,145.05,4,1520.72,168.2,5,1654.07,193.0833333,"5",3361.41,217.0333333,"5",7205.93,240.9333333,"5",10722.45,264.9333333,"5",14107.14,289.9166667,"w",13244.96,NA,NA,NA,NA,NA,NA,NA,NA,NA,NA,NA,NA,NA,NA,NA,NA,NA,NA,NA,NA,NA,NA,NA,NA,NA,NA,NA,NA,NA,NA,NA,NA,NA,NA,NA,NA,NA,NA,NA,NA,NA,NA,NA,NA,NA,NA,NA,NA,NA,NA,NA,NA,NA,NA,421.23,601.9,1168.79,1484.82,1470.55,1603.9,3311.24,7155.76,10672.28,14056.97,13194.79,NA,NA,NA,NA,NA,NA,NA,NA,NA,NA,NA,NA,NA,NA,NA,NA,NA,NA,172.78,1603.9,13194.79
335,"control",25,"25_c_29","T14",193.2666667,2249.91,"T18",12642.72,289.8333333,96.2,4,375.09,103.7666667,4,423.44,120.4166667,4,813.38,128.85,4,1152.88,144.9833333,4,1683.53,168.4,4,1689.99,193.2666667,"5",2249.91,216.7333333,"5",5081.5,240.45,"5",8448.89,265.0666667,"5",11734.86,289.8333333,"w",12642.72,NA,NA,NA,NA,NA,NA,NA,NA,NA,NA,NA,NA,NA,NA,NA,NA,NA,NA,NA,NA,NA,NA,NA,NA,NA,NA,NA,NA,NA,NA,NA,NA,NA,NA,NA,NA,NA,NA,NA,NA,NA,NA,NA,NA,NA,NA,NA,NA,NA,NA,NA,NA,NA,NA,333.78,382.13,772.07,1111.57,1642.22,1648.68,2208.6,5040.19,8407.58,11693.55,12601.41,NA,NA,NA,NA,NA,NA,NA,NA,NA,NA,NA,NA,NA,NA,NA,NA,NA,NA,152.85,2208.6,12601.41
336,"control",25,"25_c_30","T14",192.7833333,2098.31,"T18",11370.09,289.75,96.78333333,4,391.82,103.0833333,4,508.77,120.8666667,4,983.01,128.5,4,1246.53,145.2833333,4,1788.96,167.9666667,4,1747.06,192.7833333,"5",2098.31,217.2166667,"5",4834.75,240.45,"5",7381.41,264.95,"5",10032.69,289.75,"w",11370.09,NA,NA,NA,NA,NA,NA,NA,NA,NA,NA,NA,NA,NA,NA,NA,NA,NA,NA,NA,NA,NA,NA,NA,NA,NA,NA,NA,NA,NA,NA,NA,NA,NA,NA,NA,NA,NA,NA,NA,NA,NA,NA,NA,NA,NA,NA,NA,NA,NA,NA,NA,NA,NA,NA,346.87,463.82,938.06,1201.58,1744.01,1702.11,2053.36,4789.8,7336.46,9987.74,11325.14,NA,NA,NA,NA,NA,NA,NA,NA,NA,NA,NA,NA,NA,NA,NA,NA,NA,NA,146.49,2053.36,11325.14
337,"control",25,"25_c_31","T13",168.1166667,1540.74,"T17",10485.93,264.9333333,96.7,4,446.55,103.0666667,4,598.87,120.7833333,4,1153.82,128.15,4,1309.95,145.1833333,4,1262.03,168.1166667,5,1540.74,193.0166667,"5",3543.13,217.3,"5",6242.87,240.85,"5",9053.29,264.9333333,"w",10485.93,NA,NA,NA,NA,NA,NA,NA,NA,NA,NA,NA,NA,NA,NA,NA,NA,NA,NA,NA,NA,NA,NA,NA,NA,NA,NA,NA,NA,NA,NA,NA,NA,NA,NA,NA,NA,NA,NA,NA,NA,NA,NA,NA,NA,NA,NA,NA,NA,NA,NA,NA,NA,NA,NA,NA,NA,NA,402.38,554.7,1109.65,1265.78,1217.86,1496.57,3498.96,6198.7,9009.12,10441.76,NA,NA,NA,NA,NA,NA,NA,NA,NA,NA,NA,NA,NA,NA,NA,NA,NA,NA,NA,136.42,1496.57,10441.76
338,"control",25,"25_c_32","T14",193.0833333,1526.23,"T19",11354.23,313.05,96.48333333,4,328.05,103.2166667,4,439.81,120.55,4,774.99,128.5166667,4,799.67,144.75,4,1236.76,168.3833333,4,1358.8,193.0833333,"5",1526.23,216.7333333,"5",3419.07,240.6,"5",5840.61,264.75,"5",7889.34,288.9666667,"5",10965.44,313.05,"w",11354.23,NA,NA,NA,NA,NA,NA,NA,NA,NA,NA,NA,NA,NA,NA,NA,NA,NA,NA,NA,NA,NA,NA,NA,NA,NA,NA,NA,NA,NA,NA,NA,NA,NA,NA,NA,NA,NA,NA,NA,NA,NA,NA,NA,NA,NA,NA,NA,NA,NA,NA,NA,284.76,396.52,731.7,756.38,1193.47,1315.51,1482.94,3375.78,5797.32,7846.05,10922.15,11310.94,NA,NA,NA,NA,NA,NA,NA,NA,NA,NA,NA,NA,NA,NA,NA,NA,NA,125.46,1482.94,11310.94
339,"control",25,"25_c_33","T14",192.9166667,1488.72,"T19",11643.19,312.7666667,96.1,4,216.88,103.5333333,4,269.52,120.3333333,4,550.31,128.6166667,4,725.07,144.8833333,4,1150.87,167.95,4,1282.81,192.9166667,"5",1488.72,217.0833333,"5",3037.05,240.4333333,"5",5412.37,264.7833333,"5",8636.77,289.5666667,"5",11135.41,312.7666667,"w",11643.19,NA,NA,NA,NA,NA,NA,NA,NA,NA,NA,NA,NA,NA,NA,NA,NA,NA,NA,NA,NA,NA,NA,NA,NA,NA,NA,NA,NA,NA,NA,NA,NA,NA,NA,NA,NA,NA,NA,NA,NA,NA,NA,NA,NA,NA,NA,NA,NA,NA,NA,NA,173.28,225.92,506.71,681.47,1107.27,1239.21,1445.12,2993.45,5368.77,8593.17,11091.81,11599.59,NA,NA,NA,NA,NA,NA,NA,NA,NA,NA,NA,NA,NA,NA,NA,NA,NA,173.28,1445.12,11599.59
340,"control",25,"25_c_34","T14",192.7166667,1943.73,"T19",10141.77,312.8833333,96.35,4,431.09,103.3,4,573.41,120.5666667,4,975.12,128.1166667,4,1181.54,144.9333333,4,1432.78,168.1166667,4,1423.39,192.7166667,"5",1943.73,216.9166667,"5",2855.56,240.7833333,"5",5924.43,265.0333333,"5",7419.8,288.9833333,"5",10776.17,312.8833333,"w",10141.77,NA,NA,NA,NA,NA,NA,NA,NA,NA,NA,NA,NA,NA,NA,NA,NA,NA,NA,NA,NA,NA,NA,NA,NA,NA,NA,NA,NA,NA,NA,NA,NA,NA,NA,NA,NA,NA,NA,NA,NA,NA,NA,NA,NA,NA,NA,NA,NA,NA,NA,NA,391.06,533.38,935.09,1141.51,1392.75,1383.36,1903.7,2815.53,5884.4,7379.77,10736.14,10101.74,NA,NA,NA,NA,NA,NA,NA,NA,NA,NA,NA,NA,NA,NA,NA,NA,NA,159.75,1903.7,10101.74
341,"control",25,"25_c_35","T13",169.2666667,1793.43,"T17",10429.78,265.65,96.83333333,4,589.75,104.7,4,716.85,121.2166667,4,1289.48,127.85,4,1426.53,144.2666667,4,1380.98,169.2666667,5,1793.43,193.1833333,"5",4179.41,216.8333333,"5",7415.19,240.9,"5",10579.68,265.65,"w",10429.78,NA,NA,NA,NA,NA,NA,NA,NA,NA,NA,NA,NA,NA,NA,NA,NA,NA,NA,NA,NA,NA,NA,NA,NA,NA,NA,NA,NA,NA,NA,NA,NA,NA,NA,NA,NA,NA,NA,NA,NA,NA,NA,NA,NA,NA,NA,NA,NA,NA,NA,NA,NA,NA,NA,NA,NA,NA,547.75,674.85,1247.48,1384.53,1338.98,1751.43,4137.41,7373.19,10537.68,10387.78,NA,NA,NA,NA,NA,NA,NA,NA,NA,NA,NA,NA,NA,NA,NA,NA,NA,NA,NA,167.77,1751.43,10387.78
342,"control",25,"25_c_36","T13",169.35,2349.79,"T17",13113.57,265.55,96.86666667,4,692.85,104.5666667,4,969.93,121.3166667,4,1733.47,127.7333333,4,1747.49,144.3,4,1714.74,169.35,5,2349.79,193.2166667,"5",5331.23,216.6833333,"5",8507.86,240.9166667,"5",12061.43,265.55,"w",13113.57,NA,NA,NA,NA,NA,NA,NA,NA,NA,NA,NA,NA,NA,NA,NA,NA,NA,NA,NA,NA,NA,NA,NA,NA,NA,NA,NA,NA,NA,NA,NA,NA,NA,NA,NA,NA,NA,NA,NA,NA,NA,NA,NA,NA,NA,NA,NA,NA,NA,NA,NA,NA,NA,NA,NA,NA,NA,638.01,915.09,1678.63,1692.65,1659.9,2294.95,5276.39,8453.02,12006.59,13058.73,NA,NA,NA,NA,NA,NA,NA,NA,NA,NA,NA,NA,NA,NA,NA,NA,NA,NA,NA,194.49,2294.95,13058.73
343,"control",25,"25_c_37","T14",193.2833333,2247.26,"T18",11913.23,289.1,96.86666667,4,431.75,104.7,4,571.15,121.2,4,898.44,127.75,4,1080.89,144.2333333,4,1724.59,169.1666667,4,1712.7,193.2833333,"5",2247.26,216.9166667,"5",4373.42,241,"5",6794.07,265.4666667,"5",8841.01,289.1,"w",11913.23,NA,NA,NA,NA,NA,NA,NA,NA,NA,NA,NA,NA,NA,NA,NA,NA,NA,NA,NA,NA,NA,NA,NA,NA,NA,NA,NA,NA,NA,NA,NA,NA,NA,NA,NA,NA,NA,NA,NA,NA,NA,NA,NA,NA,NA,NA,NA,NA,NA,NA,NA,NA,NA,NA,380.07,519.47,846.76,1029.21,1672.91,1661.02,2195.58,4321.74,6742.39,8789.33,11861.55,NA,NA,NA,NA,NA,NA,NA,NA,NA,NA,NA,NA,NA,NA,NA,NA,NA,NA,162.4,2195.58,11861.55
344,"control",25,"25_c_38","T13",169.2333333,1496.94,"T18",10490.82,289.0333333,96.76666667,4,411.46,104.5666667,4,579.51,121.2833333,4,1090.8,127.6333333,4,1288.68,144.2666667,4,1299.18,169.2333333,5,1496.94,193.2,"5",2915.18,216.8166667,"5",5645.55,240.9,"5",8000.86,265.3833333,"5",10665.11,289.0333333,"w",10490.82,NA,NA,NA,NA,NA,NA,NA,NA,NA,NA,NA,NA,NA,NA,NA,NA,NA,NA,NA,NA,NA,NA,NA,NA,NA,NA,NA,NA,NA,NA,NA,NA,NA,NA,NA,NA,NA,NA,NA,NA,NA,NA,NA,NA,NA,NA,NA,NA,NA,NA,NA,NA,NA,NA,375.1,543.15,1054.44,1252.32,1262.82,1460.58,2878.82,5609.19,7964.5,10628.75,10454.46,NA,NA,NA,NA,NA,NA,NA,NA,NA,NA,NA,NA,NA,NA,NA,NA,NA,NA,166.08,1460.58,10454.46
345,"control",25,"25_c_39","T16",240.7,1868.52,"T21",13871.64,360.95,96.81666667,4,377.66,104.5833333,4,388.43,121.15,4,687.04,127.55,4,907.12,144.2666667,4,852.84,169.0666667,4,845.45,193.2333333,"4",1702.06,216.7333333,"4",1617.56,240.7,"5",1868.52,265.2666667,"5",3939.18,288.9166667,"5",6467.68,312.45,"5",10261.67,337.0666667,"5",13850.47,360.95,"w",13871.64,NA,NA,NA,NA,NA,NA,NA,NA,NA,NA,NA,NA,NA,NA,NA,NA,NA,NA,NA,NA,NA,NA,NA,NA,NA,NA,NA,NA,NA,NA,NA,NA,NA,NA,NA,NA,NA,NA,NA,NA,NA,NA,NA,NA,NA,330.36,341.13,639.74,859.82,805.54,798.15,1654.76,1570.26,1821.22,3891.88,6420.38,10214.37,13803.17,13824.34,NA,NA,NA,NA,NA,NA,NA,NA,NA,NA,NA,NA,NA,NA,NA,137.39,1821.22,13824.34
35,"control",25,"25_c_5","T16",238.9833333,1832.769,"T21",10124.8,359.9666667,94.7,4,226.83,101.2166667,4,238.71,119,4,234.11,124.45,4,286.82,143.9333333,4,535.65,166.8,4,1127.89,192.7,"4",1421.48,215.9,"4",1374.8,238.9833333,"5",1832.769,262.2166667,"5",3647.23,285.6166667,"5",5491.55,309.45,"5",8532.69,333.5833333,"5",11416.89,359.9666667,"w",10124.8,NA,NA,NA,NA,NA,NA,NA,NA,NA,NA,NA,NA,NA,NA,NA,NA,NA,NA,NA,NA,NA,NA,NA,NA,NA,NA,NA,NA,NA,NA,NA,NA,NA,NA,NA,NA,NA,NA,NA,NA,NA,NA,NA,NA,NA,184.7,196.58,191.98,244.69,493.52,1085.76,1379.35,1332.67,1790.639,3605.1,5449.42,8490.56,11374.76,10082.67,NA,NA,NA,NA,NA,NA,NA,NA,NA,NA,NA,NA,NA,NA,NA,167.37,1790.639,10082.67
36,"control",25,"25_c_6","T15",216,1542.83,"T20",11801.05,333.6166667,94.71666667,4,235.41,101.4166667,4,232.94,119.0166667,4,459.08,124.1166667,4,449.76,143.6833333,4,992.51,166.7333333,4,1186.47,192.95,"4",1202.47,216,"5",1542.83,238.8666667,"5",2075.15,261.95,"5",4530.12,285.9333333,"5",7679.22,309.3666667,"5",11154.66,333.6166667,"w",11801.05,NA,NA,NA,NA,NA,NA,NA,NA,NA,NA,NA,NA,NA,NA,NA,NA,NA,NA,NA,NA,NA,NA,NA,NA,NA,NA,NA,NA,NA,NA,NA,NA,NA,NA,NA,NA,NA,NA,NA,NA,NA,NA,NA,NA,NA,NA,NA,NA,170.61,168.14,394.28,384.96,927.71,1121.67,1137.67,1478.03,2010.35,4465.32,7614.42,11089.86,11736.25,NA,NA,NA,NA,NA,NA,NA,NA,NA,NA,NA,NA,NA,NA,NA,NA,170.61,1478.03,11736.25
37,"control",25,"25_c_7","T13",166.5833333,988.5,"T19",9653.04,309.5666667,94.61666667,4,702.15,100.85,4,746.16,118.85,4,947.23,124.1333333,4,942.91,143.55,4,953.25,166.5833333,5,988.5,192.95,"5",1035.76,215.9333333,"5",1796.96,238.8833333,"5",3765.23,261.9666667,"5",6194.23,285.8166667,"5",8953.54,309.5666667,"w",9653.04,NA,NA,NA,NA,NA,NA,NA,NA,NA,NA,NA,NA,NA,NA,NA,NA,NA,NA,NA,NA,NA,NA,NA,NA,NA,NA,NA,NA,NA,NA,NA,NA,NA,NA,NA,NA,NA,NA,NA,NA,NA,NA,NA,NA,NA,NA,NA,NA,NA,NA,NA,624.74,668.75,869.82,865.5,875.84,911.09,958.35,1719.55,3687.82,6116.82,8876.13,9575.63,NA,NA,NA,NA,NA,NA,NA,NA,NA,NA,NA,NA,NA,NA,NA,NA,NA,231.12,911.09,9575.63
4,"control",30,"30_c_4","T11",125.55,1122.84,"T15",9493.27,215.0666667,95.9,4,1138.13,101.7333333,4,1168.79,119.2,4,1152.64,125.55,5,1122.84,143.1,5,2071.73,167.0333333,5,4553.41,191.0833333,"5",8057.88,215.0666667,"w",9493.27,NA,NA,NA,NA,NA,NA,NA,NA,NA,NA,NA,NA,NA,NA,NA,NA,NA,NA,NA,NA,NA,NA,NA,NA,NA,NA,NA,NA,NA,NA,NA,NA,NA,NA,NA,NA,NA,NA,NA,NA,NA,NA,NA,NA,NA,NA,NA,NA,NA,NA,NA,NA,NA,NA,NA,NA,NA,NA,NA,NA,NA,NA,NA,1070.9,1101.56,1085.41,1055.61,2004.5,4486.18,7990.65,9426.04,NA,NA,NA,NA,NA,NA,NA,NA,NA,NA,NA,NA,NA,NA,NA,NA,NA,NA,NA,NA,NA,191.93,1055.61,9426.04
41,"control",25,"25_c_8","T13",166.7666667,2547.9,"T17",13405.28,261.7,94.35,4,1036.86,100.8666667,4,1280.88,118.6166667,4,1940.57,124.1333333,4,1872.61,143.3,4,1856.33,166.7666667,5,2547.9,192.6666667,"5",5749.94,216.3,"5",9328.84,238.9833333,"5",12896.22,261.7,"w",13405.28,NA,NA,NA,NA,NA,NA,NA,NA,NA,NA,NA,NA,NA,NA,NA,NA,NA,NA,NA,NA,NA,NA,NA,NA,NA,NA,NA,NA,NA,NA,NA,NA,NA,NA,NA,NA,NA,NA,NA,NA,NA,NA,NA,NA,NA,NA,NA,NA,NA,NA,NA,NA,NA,NA,NA,NA,NA,947.48,1191.5,1851.19,1783.23,1766.95,2458.52,5660.56,9239.46,12806.84,13315.9,NA,NA,NA,NA,NA,NA,NA,NA,NA,NA,NA,NA,NA,NA,NA,NA,NA,NA,NA,315.34,2458.52,13315.9
42,"control",25,"25_c_9","T13",166.6166667,1844.82,"T17",10471.46,261.9166667,94.53333333,4,773.6,100.9833333,4,888.79,118.4666667,4,1449.81,123.8833333,4,1502.45,143.5333333,4,1459.43,166.6166667,5,1844.82,192.6833333,"5",4219.41,216.2166667,"5",7285.28,239.0333333,"5",10728.34,261.9166667,"w",10471.46,NA,NA,NA,NA,NA,NA,NA,NA,NA,NA,NA,NA,NA,NA,NA,NA,NA,NA,NA,NA,NA,NA,NA,NA,NA,NA,NA,NA,NA,NA,NA,NA,NA,NA,NA,NA,NA,NA,NA,NA,NA,NA,NA,NA,NA,NA,NA,NA,NA,NA,NA,NA,NA,NA,NA,NA,NA,710.51,825.7,1386.72,1439.36,1396.34,1781.73,4156.32,7222.19,10665.25,10408.37,NA,NA,NA,NA,NA,NA,NA,NA,NA,NA,NA,NA,NA,NA,NA,NA,NA,NA,NA,242.73,1781.73,10408.37
5,"control",30,"30_c_5","T11",125.3833333,1464.64,"T15",9385.32,214.9166667,96.35,4,1510.78,101.5333333,4,1570.53,119.15,4,1519.07,125.3833333,5,1464.64,143.2166667,5,1830,167.1,5,6127.13,191.05,"5",9441.23,214.9166667,"w",9385.32,NA,NA,NA,NA,NA,NA,NA,NA,NA,NA,NA,NA,NA,NA,NA,NA,NA,NA,NA,NA,NA,NA,NA,NA,NA,NA,NA,NA,NA,NA,NA,NA,NA,NA,NA,NA,NA,NA,NA,NA,NA,NA,NA,NA,NA,NA,NA,NA,NA,NA,NA,NA,NA,NA,NA,NA,NA,NA,NA,NA,NA,NA,NA,1448.53,1508.28,1456.82,1402.39,1767.75,6064.88,9378.98,9323.07,NA,NA,NA,NA,NA,NA,NA,NA,NA,NA,NA,NA,NA,NA,NA,NA,NA,NA,NA,NA,NA,184.66,1402.39,9323.07
52,"control",30,"30_c_15","T11",122.7166667,1551.75,"T15",10940.45,213.9666667,93.98333333,4,1556.22,99.71666667,4,1477.79,117.8333333,4,1458.95,122.7166667,5,1551.75,142.6,5,3282.45,166.2833333,5,6097.04,190.1333333,"5",10880.04,213.9666667,"w",10940.45,NA,NA,NA,NA,NA,NA,NA,NA,NA,NA,NA,NA,NA,NA,NA,NA,NA,NA,NA,NA,NA,NA,NA,NA,NA,NA,NA,NA,NA,NA,NA,NA,NA,NA,NA,NA,NA,NA,NA,NA,NA,NA,NA,NA,NA,NA,NA,NA,NA,NA,NA,NA,NA,NA,NA,NA,NA,NA,NA,NA,NA,NA,NA,1464.65,1386.22,1367.38,1460.18,3190.88,6005.47,10788.47,10848.88,NA,NA,NA,NA,NA,NA,NA,NA,NA,NA,NA,NA,NA,NA,NA,NA,NA,NA,NA,NA,NA,99.78,1460.18,10848.88
53,"control",30,"30_c_16","T9",99.25,1287.41,"T14",10065.06,189.9833333,94.06666667,4,1262.28,99.25,5,1287.41,118.1833333,5,2879.85,122.7666667,5,3485.95,167.1333333,5,5948.04,166.4666667,5,8902.69,189.9833333,"w",10065.06,NA,NA,NA,NA,NA,NA,NA,NA,NA,NA,NA,NA,NA,NA,NA,NA,NA,NA,NA,NA,NA,NA,NA,NA,NA,NA,NA,NA,NA,NA,NA,NA,NA,NA,NA,NA,NA,NA,NA,NA,NA,NA,NA,NA,NA,NA,NA,NA,NA,NA,NA,NA,NA,NA,NA,NA,NA,NA,NA,NA,NA,NA,NA,NA,NA,NA,1119.67,1144.8,2737.24,3343.34,5805.43,8760.08,9922.45,NA,NA,NA,NA,NA,NA,NA,NA,NA,NA,NA,NA,NA,NA,NA,NA,NA,NA,NA,NA,NA,NA,163.92,1144.8,9922.45
56,"control",30,"30_c_17","T14",189.7,5657.73,"T16",8426.22,237.2166667,93.98333333,4,450.94,99.33333333,4,433.82,117.95,4,1021,122.8833333,4,1059.77,142.9333333,4,1050.39,166.45,NA,2430.03,189.7,"5",5657.73,213.7333333,"5",8645.55,237.2166667,"w",8426.22,NA,NA,NA,NA,NA,NA,NA,NA,NA,NA,NA,NA,NA,NA,NA,NA,NA,NA,NA,NA,NA,NA,NA,NA,NA,NA,NA,NA,NA,NA,NA,NA,NA,NA,NA,NA,NA,NA,NA,NA,NA,NA,NA,NA,NA,NA,NA,NA,NA,NA,NA,NA,NA,NA,NA,NA,NA,NA,NA,NA,370.16,353.04,940.22,978.99,969.61,2349.25,5576.95,8564.77,8345.44,NA,NA,NA,NA,NA,NA,NA,NA,NA,NA,NA,NA,NA,NA,NA,NA,NA,NA,NA,NA,75.38,5576.95,8345.44
57,"control",30,"30_c_18",NA,NA,NA,"T16",11083.78,237.1166667,93.86666667,4,368.55,99.53333333,4,512.59,117.7166667,4,1252.9,122.45,4,1370.16,142.6,4,1296.13,165.9666667,4,3119.41,189.2833333,"4",7015.08,213.7333333,"4",10750.44,237.1166667,"w",11083.78,NA,NA,NA,NA,NA,NA,NA,NA,NA,NA,NA,NA,NA,NA,NA,NA,NA,NA,NA,NA,NA,NA,NA,NA,NA,NA,NA,NA,NA,NA,NA,NA,NA,NA,NA,NA,NA,NA,NA,NA,NA,NA,NA,NA,NA,NA,NA,NA,NA,NA,NA,NA,NA,NA,NA,NA,NA,NA,NA,NA,330.47,474.51,1214.82,1332.08,1258.05,3081.33,6977,10712.36,11045.7,NA,NA,NA,NA,NA,NA,NA,NA,NA,NA,NA,NA,NA,NA,NA,NA,NA,NA,NA,NA,103.31,NA,11045.7
6,"control",30,"30_c_6","T11",125.7,1379.27,"T16",9109.47,239,95.43333333,4,1466.27,101.3,4,1490.2,119.35,4,1436.57,125.7,5,1379.27,143.1166667,5,2814.15,167.3166667,5,2280.21,191.15,"5",4256.49,215.1,"5",8139.31,239,"w",9109.47,NA,NA,NA,NA,NA,NA,NA,NA,NA,NA,NA,NA,NA,NA,NA,NA,NA,NA,NA,NA,NA,NA,NA,NA,NA,NA,NA,NA,NA,NA,NA,NA,NA,NA,NA,NA,NA,NA,NA,NA,NA,NA,NA,NA,NA,NA,NA,NA,NA,NA,NA,NA,NA,NA,NA,NA,NA,NA,NA,NA,1416.13,1440.06,1386.43,1329.13,2764.01,2230.07,4206.35,8089.17,9059.33,NA,NA,NA,NA,NA,NA,NA,NA,NA,NA,NA,NA,NA,NA,NA,NA,NA,NA,NA,NA,171.7,1329.13,9059.33
67,"control",30,"30_c_19","T13",172.4666667,958.37,"T18",7169.14,287.9,97.45,4,592.15,103.7333333,4,606.07,122.35,4,700.78,127.8333333,4,902.45,146.4,4,989.51,172.4666667,5,958.37,193.3833333,"5",1180.37,218.8333333,"5",3181.33,242.4666667,"5",5919,263.9833333,"5",6741.57,287.9,"w",7169.14,NA,NA,NA,NA,NA,NA,NA,NA,NA,NA,NA,NA,NA,NA,NA,NA,NA,NA,NA,NA,NA,NA,NA,NA,NA,NA,NA,NA,NA,NA,NA,NA,NA,NA,NA,NA,NA,NA,NA,NA,NA,NA,NA,NA,NA,NA,NA,NA,NA,NA,NA,NA,NA,NA,530.35,544.27,638.98,840.65,927.71,896.57,1118.57,3119.53,5857.2,6679.77,7107.34,NA,NA,NA,NA,NA,NA,NA,NA,NA,NA,NA,NA,NA,NA,NA,NA,NA,NA,85.6,896.57,7107.34
69,"control",30,"30_c_20","T13",172.4833333,2157.17,"T16",7771.82,242.7666667,97.38333333,4,609.43,103.7666667,4,862.67,122.6166667,4,966.17,128.0333333,4,943.67,146.1,4,935,172.4833333,5,2157.17,193.1666667,"5",4862.1,218.5666667,"5",7662.45,242.7666667,"w",7771.82,NA,NA,NA,NA,NA,NA,NA,NA,NA,NA,NA,NA,NA,NA,NA,NA,NA,NA,NA,NA,NA,NA,NA,NA,NA,NA,NA,NA,NA,NA,NA,NA,NA,NA,NA,NA,NA,NA,NA,NA,NA,NA,NA,NA,NA,NA,NA,NA,NA,NA,NA,NA,NA,NA,NA,NA,NA,NA,NA,NA,562.02,815.26,918.76,896.26,887.59,2109.76,4814.69,7615.04,7724.41,NA,NA,NA,NA,NA,NA,NA,NA,NA,NA,NA,NA,NA,NA,NA,NA,NA,NA,NA,NA,83.81,2109.76,7724.41
72,"control",30,"30_c_21","T13",172.1333333,993.49,"T17",7020.21,263.7,97.13333333,4,432.6,103.5166667,4,421.6,122.15,4,846.37,127.65,4,925.68,146.05,4,898.29,172.1333333,5,993.49,193.15,"5",1614.38,218.4,"5",4254.02,242.7,"5",6559.88,263.7,"w",7020.21,NA,NA,NA,NA,NA,NA,NA,NA,NA,NA,NA,NA,NA,NA,NA,NA,NA,NA,NA,NA,NA,NA,NA,NA,NA,NA,NA,NA,NA,NA,NA,NA,NA,NA,NA,NA,NA,NA,NA,NA,NA,NA,NA,NA,NA,NA,NA,NA,NA,NA,NA,NA,NA,NA,NA,NA,NA,377.16,366.16,790.93,870.24,842.85,938.05,1558.94,4198.58,6504.44,6964.77,NA,NA,NA,NA,NA,NA,NA,NA,NA,NA,NA,NA,NA,NA,NA,NA,NA,NA,NA,70.87,938.05,6964.77
73,"control",30,"30_c_22","T8",100.95,982.44,"T14",7809.38,190.4833333,95,5,982.44,100.95,5,1211.56,119.9666667,5,2925.98,125.45,5,3631.1,143.6,5,5655.42,169.6333333,5,8034.35,190.4833333,"w",7809.38,NA,NA,NA,NA,NA,NA,NA,NA,NA,NA,NA,NA,NA,NA,NA,NA,NA,NA,NA,NA,NA,NA,NA,NA,NA,NA,NA,NA,NA,NA,NA,NA,NA,NA,NA,NA,NA,NA,NA,NA,NA,NA,NA,NA,NA,NA,NA,NA,NA,NA,NA,NA,NA,NA,NA,NA,NA,NA,NA,NA,NA,NA,NA,NA,NA,NA,846.17,1075.29,2789.71,3494.83,5519.15,7898.08,7673.11,NA,NA,NA,NA,NA,NA,NA,NA,NA,NA,NA,NA,NA,NA,NA,NA,NA,NA,NA,NA,NA,NA,22.12,846.17,7673.11
74,"control",30,"30_c_23","T11",125.3666667,1190.43,"T15",8893.72,216.2333333,94.9,4,931.27,101.0833333,4,1221.77,119.9833333,4,1176.55,125.3666667,5,1190.43,143.7,5,2441.78,169.85,5,5862.57,190.3333333,"5",9107.04,216.2333333,"w",8893.72,NA,NA,NA,NA,NA,NA,NA,NA,NA,NA,NA,NA,NA,NA,NA,NA,NA,NA,NA,NA,NA,NA,NA,NA,NA,NA,NA,NA,NA,NA,NA,NA,NA,NA,NA,NA,NA,NA,NA,NA,NA,NA,NA,NA,NA,NA,NA,NA,NA,NA,NA,NA,NA,NA,NA,NA,NA,NA,NA,NA,NA,NA,NA,862.94,1153.44,1108.22,1122.1,2373.45,5794.24,9038.71,8825.39,NA,NA,NA,NA,NA,NA,NA,NA,NA,NA,NA,NA,NA,NA,NA,NA,NA,NA,NA,NA,NA,208.51,1122.1,8825.39
83,"control",25,"25_c_10","T13",168.45,1351.54,"T18",10316.72,287.8166667,94.43333333,4,608.59,99.48333333,4,633.26,119.65,4,1116.7,123.8833333,4,1125.09,142.75,4,1091.76,168.45,5,1351.54,191.3333333,"5",2862.38,214.9,"5",5993.1,237,"5",8532.12,260.8,"5",10509.37,287.8166667,"w",10316.72,NA,NA,NA,NA,NA,NA,NA,NA,NA,NA,NA,NA,NA,NA,NA,NA,NA,NA,NA,NA,NA,NA,NA,NA,NA,NA,NA,NA,NA,NA,NA,NA,NA,NA,NA,NA,NA,NA,NA,NA,NA,NA,NA,NA,NA,NA,NA,NA,NA,NA,NA,NA,NA,NA,511.01,535.68,1019.12,1027.51,994.18,1253.96,2764.8,5895.52,8434.54,10411.79,10219.14,NA,NA,NA,NA,NA,NA,NA,NA,NA,NA,NA,NA,NA,NA,NA,NA,NA,NA,56.7,1253.96,10219.14
85,"control",25,"25_c_11","T14",191.5833333,1942.13,"T19",13496.2,311.9166667,93.88333333,4,481.92,99.91666667,4,590.3,118.8833333,4,981.25,123.7166667,4,1192.39,142.2666667,4,1601.41,168.3,4,1572.04,191.5833333,"5",1942.13,214.5166667,"5",3741.92,238.2833333,"5",7598.36,260.7333333,"5",10897.2,287.9,"5",14148.24,311.9166667,"w",13496.2,NA,NA,NA,NA,NA,NA,NA,NA,NA,NA,NA,NA,NA,NA,NA,NA,NA,NA,NA,NA,NA,NA,NA,NA,NA,NA,NA,NA,NA,NA,NA,NA,NA,NA,NA,NA,NA,NA,NA,NA,NA,NA,NA,NA,NA,NA,NA,NA,NA,NA,NA,367.17,475.55,866.5,1077.64,1486.66,1457.29,1827.38,3627.17,7483.61,10782.45,14033.49,13381.45,NA,NA,NA,NA,NA,NA,NA,NA,NA,NA,NA,NA,NA,NA,NA,NA,NA,114.63,1827.38,13381.45
87,"control",25,"25_c_12","T14",191.3833333,1571.31,"T19",11878.68,311.95,94.05,4,252.22,99.56666667,4,310.48,118.95,4,570.44,123.5833333,4,674.49,142.2833333,4,1341.95,167.9333333,4,1345.12,191.3833333,"5",1571.31,214.3333333,"5",3446.1,237.2333333,"5",6488.18,261.1666667,"5",9274.75,284.6333333,"5",12027.71,311.95,"w",11878.68,NA,NA,NA,NA,NA,NA,NA,NA,NA,NA,NA,NA,NA,NA,NA,NA,NA,NA,NA,NA,NA,NA,NA,NA,NA,NA,NA,NA,NA,NA,NA,NA,NA,NA,NA,NA,NA,NA,NA,NA,NA,NA,NA,NA,NA,NA,NA,NA,NA,NA,NA,205.56,263.82,523.78,627.83,1295.29,1298.46,1524.65,3399.44,6441.52,9228.09,11981.05,11832.02,NA,NA,NA,NA,NA,NA,NA,NA,NA,NA,NA,NA,NA,NA,NA,NA,NA,112.68,1524.65,11832.02
88,"control",25,"25_c_13","T14",191.25,1622.48,"T18",9858.19,287.7,94.16666667,4,331.62,99.7,4,391.99,119.1166667,4,717.29,123.3666667,4,870.13,142.65,4,1235.2,167.9833333,4,1236.96,191.25,"5",1622.48,214.45,"5",3857.25,237.0833333,"5",6821.31,260.7,"5",9795.32,287.7,"w",9858.19,NA,NA,NA,NA,NA,NA,NA,NA,NA,NA,NA,NA,NA,NA,NA,NA,NA,NA,NA,NA,NA,NA,NA,NA,NA,NA,NA,NA,NA,NA,NA,NA,NA,NA,NA,NA,NA,NA,NA,NA,NA,NA,NA,NA,NA,NA,NA,NA,NA,NA,NA,NA,NA,NA,289.03,349.4,674.7,827.54,1192.61,1194.37,1579.89,3814.66,6778.72,9752.73,9815.6,NA,NA,NA,NA,NA,NA,NA,NA,NA,NA,NA,NA,NA,NA,NA,NA,NA,NA,150.53,1579.89,9815.6
89,"control",25,"25_c_14","T17",261.4166667,1654.39,"T21",10988.59,358.4833333,94.23333333,3,143.5,99.61666667,4,134.43,119.1833333,4,203.48,124.0333333,4,242.46,142.1166667,4,375.32,168.2166667,4,533.34,191.4166667,"4",741.42,214.5,"4",1264.95,238.0833333,"4",1204.4,261.4166667,"5",1654.39,288.25,"5",4005.41,311.4833333,"5",7535.26,333.9333333,"5",10611.36,358.4833333,"w",10988.59,NA,NA,NA,NA,NA,NA,NA,NA,NA,NA,NA,NA,NA,NA,NA,NA,NA,NA,NA,NA,NA,NA,NA,NA,NA,NA,NA,NA,NA,NA,NA,NA,NA,NA,NA,NA,NA,NA,NA,NA,NA,NA,NA,NA,NA,107.21,98.14,167.19,206.17,339.03,497.05,705.13,1228.66,1168.11,1618.1,3969.12,7498.97,10575.07,10952.3,NA,NA,NA,NA,NA,NA,NA,NA,NA,NA,NA,NA,NA,NA,NA,98.14,1618.1,10952.3
90,"control",25,"25_c_15","T14",191.0833333,1771.18,"T19",11656.62,311.8666667,93.85,4,362.17,99.21666667,4,459.65,119.2166667,4,877.37,123.9,4,991.7,142.1,4,1434.08,168.4,4,1416.83,191.0833333,"5",1771.18,214.75,"5",3854.91,238.3833333,"5",6151.54,261.1333333,"5",8049.24,284.3666667,"5",11385.54,311.8666667,"w",11656.62,NA,NA,NA,NA,NA,NA,NA,NA,NA,NA,NA,NA,NA,NA,NA,NA,NA,NA,NA,NA,NA,NA,NA,NA,NA,NA,NA,NA,NA,NA,NA,NA,NA,NA,NA,NA,NA,NA,NA,NA,NA,NA,NA,NA,NA,NA,NA,NA,NA,NA,NA,297.66,395.14,812.86,927.19,1369.57,1352.32,1706.67,3790.4,6087.03,7984.73,11321.03,11592.11,NA,NA,NA,NA,NA,NA,NA,NA,NA,NA,NA,NA,NA,NA,NA,NA,NA,124.65,1706.67,11592.11
91,"control",25,"25_c_16","T15",214.5166667,2078.44,"T23",8972.33,405.3166667,93.86666667,4,322.43,99.18333333,4,374.34,119.2333333,4,519.95,123.8333333,4,574.98,142.15,4,1072.57,168.3166667,4,1527.89,191.15,"4",1500.09,214.5166667,"5",2078.44,236.95,"5",2321.2,260.4833333,"5",2425.4,287.5333333,"5",2649.81,311.5833333,"5",4990.14,333.75,"5",6960.46,358.0666667,"5",8631.16,382.1833333,"5",8966.63,405.3166667,"w",8972.33,NA,NA,NA,NA,NA,NA,NA,NA,NA,NA,NA,NA,NA,NA,NA,NA,NA,NA,NA,NA,NA,NA,NA,NA,NA,NA,NA,NA,NA,NA,NA,NA,NA,NA,NA,NA,NA,NA,NA,267.32,319.23,464.84,519.87,1017.46,1472.78,1444.98,2023.33,2266.09,2370.29,2594.7,4935.03,6905.35,8576.05,8911.52,8917.22,NA,NA,NA,NA,NA,NA,NA,NA,NA,NA,NA,NA,NA,111.85,2023.33,8917.22
94,"control",25,"25_c_17","T16",237.5333333,2426.25,"T21",12675.43,358.3,93.9,3,219.38,99.33333333,3,217.33,118.7833333,3,290.33,123.3333333,3,328.39,142.25,3,660.63,167.6,3,1341.95,191.1666667,"3",1784.93,214.7666667,"3",1753.71,237.5333333,"5",2426.25,260.6666667,"5",3317.71,287.4,"5",6896.91,311.5333333,"5",10585.74,334,"5",13419.72,358.3,"w",12675.43,NA,NA,NA,NA,NA,NA,NA,NA,NA,NA,NA,NA,NA,NA,NA,NA,NA,NA,NA,NA,NA,NA,NA,NA,NA,NA,NA,NA,NA,NA,NA,NA,NA,NA,NA,NA,NA,NA,NA,NA,NA,NA,NA,NA,NA,168.26,166.21,239.21,277.27,609.51,1290.83,1733.81,1702.59,2375.13,3266.59,6845.79,10534.62,13368.6,12624.31,NA,NA,NA,NA,NA,NA,NA,NA,NA,NA,NA,NA,NA,NA,NA,NA,2375.13,12624.31
95,"control",25,"25_c_18","T14",190.8,1285.65,"T19",9701.58,311.2666667,93.61666667,4,347.02,98.81666667,4,424.15,118.8166667,4,803.78,123.2666667,4,803.13,141.8333333,4,1029.14,167.0833333,4,1068.31,190.8,"5",1285.65,214.1833333,"5",2343.32,236.95,"5",4720.29,260.3833333,"5",6976.07,286.8666667,"5",10187.71,311.2666667,"w",9701.58,NA,NA,NA,NA,NA,NA,NA,NA,NA,NA,NA,NA,NA,NA,NA,NA,NA,NA,NA,NA,NA,NA,NA,NA,NA,NA,NA,NA,NA,NA,NA,NA,NA,NA,NA,NA,NA,NA,NA,NA,NA,NA,NA,NA,NA,NA,NA,NA,NA,NA,NA,291.32,368.45,748.08,747.43,973.44,1012.61,1229.95,2287.62,4664.59,6920.37,10132.01,9645.88,NA,NA,NA,NA,NA,NA,NA,NA,NA,NA,NA,NA,NA,NA,NA,NA,NA,165.11,1229.95,9645.88
99,"control",25,"25_c_19","T15",213.6666667,1896.53,"T22",10848.69,381.6833333,93.3,4,219.79,98.53333333,4,218.04,118.6833333,4,346.86,123.1333333,4,411.7,141.7833333,4,865.36,167.25,4,1588.55,190.6166667,"4",1542.25,213.6666667,"5",1896.53,236.45,"5",3169.84,261.1,"5",4091.18,286.8333333,"5",3941.72,311.0833333,"5",6799.29,333.3833333,"5",9062.88,357.1333333,"5",11535.34,381.6833333,"w",10848.69,NA,NA,NA,NA,NA,NA,NA,NA,NA,NA,NA,NA,NA,NA,NA,NA,NA,NA,NA,NA,NA,NA,NA,NA,NA,NA,NA,NA,NA,NA,NA,NA,NA,NA,NA,NA,NA,NA,NA,NA,NA,NA,179.15,177.4,306.22,371.06,824.72,1547.91,1501.61,1855.89,3129.2,4050.54,3901.08,6758.65,9022.24,11494.7,10808.05,NA,NA,NA,NA,NA,NA,NA,NA,NA,NA,NA,NA,NA,NA,182.95,1855.89,10808.05
